LAM MK;Area Type;Area FID;Area Version;Area Name;Zoning FID;Zoning Version;Zoning Name;Zoning Id;Zoning Tech;BG Version;Building FID;Building Version;BG Id;LAM City Code;LAM Street Code
2407163;Zoning;10433858;20191109094846;W03-D-Hasselt-FH05;10433858;20191109094846;W03-D-Hasselt-FH05;23998;FTTH-Cu;;381355;20190709075248;;26300000;85
2407166;Zoning;10433858;20191109094846;W03-D-Hasselt-FH05;10433858;20191109094846;W03-D-Hasselt-FH05;23998;FTTH-Cu;;381357;20190709075248;;26300000;85
2407169;Zoning;10433858;20191109094846;W03-D-Hasselt-FH05;10433858;20191109094846;W03-D-Hasselt-FH05;23998;FTTH-Cu;;381358;20190709075248;;26300000;85
2407170;Zoning;10433858;20191109094846;W03-D-Hasselt-FH05;10433858;20191109094846;W03-D-Hasselt-FH05;23998;FTTH-Cu;;381359;20190709075248;;26300000;85
2407172;Zoning;10433858;20191109094846;W03-D-Hasselt-FH05;10433858;20191109094846;W03-D-Hasselt-FH05;23998;FTTH-Cu;;381360;20190709075248;;26300000;85
3937179;Zoning;10433858;20191109094846;W03-D-Hasselt-FH05;10433858;20191109094846;W03-D-Hasselt-FH05;23998;FTTH-Cu;;394431;20190709075255;;26300000;85
2407173;Zoning;10433858;20191109094846;W03-D-Hasselt-FH05;10433858;20191109094846;W03-D-Hasselt-FH05;23998;FTTH-Cu;;381361;20190709075249;;26300000;85
2407175;Zoning;10433858;20191109094846;W03-D-Hasselt-FH05;10433858;20191109094846;W03-D-Hasselt-FH05;23998;FTTH-Cu;;381362;20190709075249;;26300000;85
2407176;Zoning;10433858;20191109094846;W03-D-Hasselt-FH05;10433858;20191109094846;W03-D-Hasselt-FH05;23998;FTTH-Cu;;381363;20190709075249;;26300000;85
1323149;Zoning;10433858;20191109094846;W03-D-Hasselt-FH05;10433858;20191109094846;W03-D-Hasselt-FH05;23998;FTTH-Cu;;379912;20190709075247;;26300000;85
2407181;Zoning;10433858;20191109094846;W03-D-Hasselt-FH05;10433858;20191109094846;W03-D-Hasselt-FH05;23998;FTTH-Cu;;381364;20190709075249;;26300000;85
2407182;Zoning;10433858;20191109094846;W03-D-Hasselt-FH05;10433858;20191109094846;W03-D-Hasselt-FH05;23998;FTTH-Cu;;381365;20190709075249;;26300000;85
2407184;Zoning;10433858;20191109094846;W03-D-Hasselt-FH05;10433858;20191109094846;W03-D-Hasselt-FH05;23998;FTTH-Cu;;381366;20190709075249;;26300000;85
2407186;Zoning;10433858;20191109094846;W03-D-Hasselt-FH05;10433858;20191109094846;W03-D-Hasselt-FH05;23998;FTTH-Cu;;381367;20190709075249;;26300000;85
2407189;Zoning;10433858;20191109094846;W03-D-Hasselt-FH05;10433858;20191109094846;W03-D-Hasselt-FH05;23998;FTTH-Cu;;381368;20190709075249;;26300000;85
2407191;Zoning;10433858;20191109094846;W03-D-Hasselt-FH05;10433858;20191109094846;W03-D-Hasselt-FH05;23998;FTTH-Cu;;381369;20190709075249;;26300000;85
2412553;Zoning;10433858;20191109094846;W03-D-Hasselt-FH05;10433858;20191109094846;W03-D-Hasselt-FH05;23998;FTTH-Cu;;383372;20190709075249;;26300000;5839
2412555;Zoning;10433858;20191109094846;W03-D-Hasselt-FH05;10433858;20191109094846;W03-D-Hasselt-FH05;23998;FTTH-Cu;;383373;20190709075249;;26300000;5839
2412558;Zoning;10433858;20191109094846;W03-D-Hasselt-FH05;10433858;20191109094846;W03-D-Hasselt-FH05;23998;FTTH-Cu;;13419273;20190712011950;;26300000;5839
328547;Zoning;10433858;20191109094846;W03-D-Hasselt-FH05;10433858;20191109094846;W03-D-Hasselt-FH05;23998;FTTH-Cu;;394339;20190709075300;;26300000;5839
2412560;Zoning;10433858;20191109094846;W03-D-Hasselt-FH05;10433858;20191109094846;W03-D-Hasselt-FH05;23998;FTTH-Cu;;383374;20190709075249;;26300000;5839
2412563;Zoning;10433858;20191109094846;W03-D-Hasselt-FH05;10433858;20191109094846;W03-D-Hasselt-FH05;23998;FTTH-Cu;;383375;20190709075249;;26300000;5839
2412565;Zoning;10433858;20191109094846;W03-D-Hasselt-FH05;10433858;20191109094846;W03-D-Hasselt-FH05;23998;FTTH-Cu;;383376;20190709075249;;26300000;5839
2412568;Zoning;10433858;20191109094846;W03-D-Hasselt-FH05;10433858;20191109094846;W03-D-Hasselt-FH05;23998;FTTH-Cu;;383377;20190709075250;;26300000;5839
328548;Zoning;10433858;20191109094846;W03-D-Hasselt-FH05;10433858;20191109094846;W03-D-Hasselt-FH05;23998;FTTH-Cu;;394340;20190709075300;;26300000;5839
2412572;Zoning;10433858;20191109094846;W03-D-Hasselt-FH05;10433858;20191109094846;W03-D-Hasselt-FH05;23998;FTTH-Cu;;383378;20190709075250;;26300000;5839
2412574;Zoning;10433858;20191109094846;W03-D-Hasselt-FH05;10433858;20191109094846;W03-D-Hasselt-FH05;23998;FTTH-Cu;;383379;20190709075250;;26300000;5839
4201644;Zoning;10433858;20191109094846;W03-D-Hasselt-FH05;10433858;20191109094846;W03-D-Hasselt-FH05;23998;FTTH-Cu;;395687;20190709075256;;26300000;5839
2412575;Zoning;10433858;20191109094846;W03-D-Hasselt-FH05;10433858;20191109094846;W03-D-Hasselt-FH05;23998;FTTH-Cu;;383380;20190709075250;;26300000;5839
2412577;Zoning;10433858;20191109094846;W03-D-Hasselt-FH05;10433858;20191109094846;W03-D-Hasselt-FH05;23998;FTTH-Cu;;383381;20190709075250;;26300000;5839
2412580;Zoning;10433858;20191109094846;W03-D-Hasselt-FH05;10433858;20191109094846;W03-D-Hasselt-FH05;23998;FTTH-Cu;;383382;20190709075250;;26300000;5839
2412582;Zoning;10433858;20191109094846;W03-D-Hasselt-FH05;10433858;20191109094846;W03-D-Hasselt-FH05;23998;FTTH-Cu;;383383;20190709075250;;26300000;5839
328549;Zoning;10433858;20191109094846;W03-D-Hasselt-FH05;10433858;20191109094846;W03-D-Hasselt-FH05;23998;FTTH-Cu;;394341;20190709075300;;26300000;5839
4182542;Zoning;10433858;20191109094846;W03-D-Hasselt-FH05;10433858;20191109094846;W03-D-Hasselt-FH05;23998;FTTH-Cu;;395548;20190709075256;;26300000;5839
2412585;Zoning;10433858;20191109094846;W03-D-Hasselt-FH05;10433858;20191109094846;W03-D-Hasselt-FH05;23998;FTTH-Cu;;383384;20190709075250;;26300000;5839
2412588;Zoning;10433858;20191109094846;W03-D-Hasselt-FH05;10433858;20191109094846;W03-D-Hasselt-FH05;23998;FTTH-Cu;;383385;20190709075250;;26300000;5839
328551;Zoning;10433858;20191109094846;W03-D-Hasselt-FH05;10433858;20191109094846;W03-D-Hasselt-FH05;23998;FTTH-Cu;;394343;20190709075300;;26300000;5839
328550;Zoning;10433858;20191109094846;W03-D-Hasselt-FH05;10433858;20191109094846;W03-D-Hasselt-FH05;23998;FTTH-Cu;;394342;20190709075300;;26300000;5839
2412591;Zoning;10433858;20191109094846;W03-D-Hasselt-FH05;10433858;20191109094846;W03-D-Hasselt-FH05;23998;FTTH-Cu;;383386;20190709075250;;26300000;5839
2412594;Zoning;10433858;20191109094846;W03-D-Hasselt-FH05;10433858;20191109094846;W03-D-Hasselt-FH05;23998;FTTH-Cu;;383387;20190709075250;;26300000;5839
2412597;Zoning;10433858;20191109094846;W03-D-Hasselt-FH05;10433858;20191109094846;W03-D-Hasselt-FH05;23998;FTTH-Cu;;383388;20190709075250;;26300000;5839
6590587;Zoning;10433858;20191109094846;W03-D-Hasselt-FH05;10433858;20191109094846;W03-D-Hasselt-FH05;23998;FTTH-Cu;;13419276;20190712011950;;26300000;10
6590586;Zoning;10433858;20191109094846;W03-D-Hasselt-FH05;10433858;20191109094846;W03-D-Hasselt-FH05;23998;FTTH-Cu;;13419275;20190712011950;;26300000;10
6590585;Zoning;10433858;20191109094846;W03-D-Hasselt-FH05;10433858;20191109094846;W03-D-Hasselt-FH05;23998;FTTH-Cu;;13419274;20190712011950;;26300000;10
2405870;Zoning;10433858;20191109094846;W03-D-Hasselt-FH05;10433858;20191109094846;W03-D-Hasselt-FH05;23998;FTTH-Cu;;380820;20190709075247;;26300000;10
2405872;Zoning;10433858;20191109094846;W03-D-Hasselt-FH05;10433858;20191109094846;W03-D-Hasselt-FH05;23998;FTTH-Cu;;10522556;20190709075251;;26300000;10
3937166;Zoning;10433858;20191109094846;W03-D-Hasselt-FH05;10433858;20191109094846;W03-D-Hasselt-FH05;23998;FTTH-Cu;;10522567;20190709075251;;26300000;10
6590591;Zoning;10433858;20191109094846;W03-D-Hasselt-FH05;10433858;20191109094846;W03-D-Hasselt-FH05;23998;FTTH-Cu;;13419280;20190712011950;;26300000;10
6590590;Zoning;10433858;20191109094846;W03-D-Hasselt-FH05;10433858;20191109094846;W03-D-Hasselt-FH05;23998;FTTH-Cu;;13419279;20190712011950;;26300000;10
6590589;Zoning;10433858;20191109094846;W03-D-Hasselt-FH05;10433858;20191109094846;W03-D-Hasselt-FH05;23998;FTTH-Cu;;13419278;20190712011950;;26300000;10
6590588;Zoning;10433858;20191109094846;W03-D-Hasselt-FH05;10433858;20191109094846;W03-D-Hasselt-FH05;23998;FTTH-Cu;;13419277;20190712011950;;26300000;10
2405875;Zoning;10433858;20191109094846;W03-D-Hasselt-FH05;10433858;20191109094846;W03-D-Hasselt-FH05;23998;FTTH-Cu;;380822;20190709075248;;26300000;10
328580;Zoning;10433858;20191109094846;W03-D-Hasselt-FH05;10433858;20191109094846;W03-D-Hasselt-FH05;23998;FTTH-Cu;;394368;20190709075255;;26300000;100
4896901;Zoning;10433858;20191109094846;W03-D-Hasselt-FH05;10433858;20191109094846;W03-D-Hasselt-FH05;23998;FTTH-Cu;;398397;20190709075254;;26300000;100
4896902;Zoning;10433858;20191109094846;W03-D-Hasselt-FH05;10433858;20191109094846;W03-D-Hasselt-FH05;23998;FTTH-Cu;;398398;20190709075254;;26300000;100
6590594;Zoning;10433858;20191109094846;W03-D-Hasselt-FH05;10433858;20191109094846;W03-D-Hasselt-FH05;23998;FTTH-Cu;;13419284;20190712011951;;26300000;100
6536978;Zoning;10433858;20191109094846;W03-D-Hasselt-FH05;10433858;20191109094846;W03-D-Hasselt-FH05;23998;FTTH-Cu;;13419285;20190712011951;;26300000;100
328582;Zoning;10433858;20191109094846;W03-D-Hasselt-FH05;10433858;20191109094846;W03-D-Hasselt-FH05;23998;FTTH-Cu;;394369;20190709075255;;26300000;100
2407321;Zoning;10433858;20191109094846;W03-D-Hasselt-FH05;10433858;20191109094846;W03-D-Hasselt-FH05;23998;FTTH-Cu;;381426;20190709075250;;26300000;100
2407322;Zoning;10433858;20191109094846;W03-D-Hasselt-FH05;10433858;20191109094846;W03-D-Hasselt-FH05;23998;FTTH-Cu;;381427;20190709075250;;26300000;100
4896844;Zoning;10433858;20191109094846;W03-D-Hasselt-FH05;10433858;20191109094846;W03-D-Hasselt-FH05;23998;FTTH-Cu;;398393;20190709075254;;26300000;100
6590593;Zoning;10433858;20191109094846;W03-D-Hasselt-FH05;10433858;20191109094846;W03-D-Hasselt-FH05;23998;FTTH-Cu;;13419283;20190712011950;;26300000;100
6550136;Zoning;10433858;20191109094846;W03-D-Hasselt-FH05;10433858;20191109094846;W03-D-Hasselt-FH05;23998;FTTH-Cu;;13419282;20190712011950;;26300000;100
6590592;Zoning;10433858;20191109094846;W03-D-Hasselt-FH05;10433858;20191109094846;W03-D-Hasselt-FH05;23998;FTTH-Cu;;13419281;20190712011950;;26300000;100
6590595;Zoning;10433858;20191109094846;W03-D-Hasselt-FH05;10433858;20191109094846;W03-D-Hasselt-FH05;23998;FTTH-Cu;;13419286;20190712011951;;26300000;100
328377;Zoning;10433858;20191109094846;W03-D-Hasselt-FH05;10433858;20191109094846;W03-D-Hasselt-FH05;23998;FTTH-Cu;;394325;20190709075258;;26300000;17266
328376;Zoning;10433858;20191109094846;W03-D-Hasselt-FH05;10433858;20191109094846;W03-D-Hasselt-FH05;23998;FTTH-Cu;;394324;20190709075258;;26300000;17266
2423284;Zoning;10433858;20191109094846;W03-D-Hasselt-FH05;10433858;20191109094846;W03-D-Hasselt-FH05;23998;FTTH-Cu;;386724;20190709075245;;26300000;17266
2423285;Zoning;10433858;20191109094846;W03-D-Hasselt-FH05;10433858;20191109094846;W03-D-Hasselt-FH05;23998;FTTH-Cu;;386725;20190709075245;;26300000;17266
2423287;Zoning;10433858;20191109094846;W03-D-Hasselt-FH05;10433858;20191109094846;W03-D-Hasselt-FH05;23998;FTTH-Cu;;386726;20190709075245;;26300000;17266
2423288;Zoning;10433858;20191109094846;W03-D-Hasselt-FH05;10433858;20191109094846;W03-D-Hasselt-FH05;23998;FTTH-Cu;;386727;20190709075245;;26300000;17266
1366867;Zoning;10433858;20191109094846;W03-D-Hasselt-FH05;10433858;20191109094846;W03-D-Hasselt-FH05;23998;FTTH-Cu;;380110;20190709075247;;26300000;17266
2423291;Zoning;10433858;20191109094846;W03-D-Hasselt-FH05;10433858;20191109094846;W03-D-Hasselt-FH05;23998;FTTH-Cu;;386728;20190709075245;;26300000;17266
2423293;Zoning;10433858;20191109094846;W03-D-Hasselt-FH05;10433858;20191109094846;W03-D-Hasselt-FH05;23998;FTTH-Cu;;386729;20190709075245;;26300000;17266
2423296;Zoning;10433858;20191109094846;W03-D-Hasselt-FH05;10433858;20191109094846;W03-D-Hasselt-FH05;23998;FTTH-Cu;;386730;20190709075245;;26300000;17266
328378;Zoning;10433858;20191109094846;W03-D-Hasselt-FH05;10433858;20191109094846;W03-D-Hasselt-FH05;23998;FTTH-Cu;;394326;20190709075259;;26300000;17266
4896918;Zoning;10433858;20191109094846;W03-D-Hasselt-FH05;10433858;20191109094846;W03-D-Hasselt-FH05;23998;FTTH-Cu;;398402;20190709075254;;26300000;17266
328379;Zoning;10433858;20191109094846;W03-D-Hasselt-FH05;10433858;20191109094846;W03-D-Hasselt-FH05;23998;FTTH-Cu;;394327;20190709075259;;26300000;17266
328380;Zoning;10433858;20191109094846;W03-D-Hasselt-FH05;10433858;20191109094846;W03-D-Hasselt-FH05;23998;FTTH-Cu;;394328;20190709075259;;26300000;17266
2423298;Zoning;10433858;20191109094846;W03-D-Hasselt-FH05;10433858;20191109094846;W03-D-Hasselt-FH05;23998;FTTH-Cu;;386731;20190709075245;;26300000;17266
2423299;Zoning;10433858;20191109094846;W03-D-Hasselt-FH05;10433858;20191109094846;W03-D-Hasselt-FH05;23998;FTTH-Cu;;386732;20190709075245;;26300000;17266
4897771;Zoning;10433858;20191109094846;W03-D-Hasselt-FH05;10433858;20191109094846;W03-D-Hasselt-FH05;23998;FTTH-Cu;;398454;20190709075255;;26300000;17266
328381;Zoning;10433858;20191109094846;W03-D-Hasselt-FH05;10433858;20191109094846;W03-D-Hasselt-FH05;23998;FTTH-Cu;;394329;20190709075259;;26300000;17266
2423301;Zoning;10433858;20191109094846;W03-D-Hasselt-FH05;10433858;20191109094846;W03-D-Hasselt-FH05;23998;FTTH-Cu;;386733;20190709075245;;26300000;17266
5927168;Zoning;10433858;20191109094846;W03-D-Hasselt-FH05;10433858;20191109094846;W03-D-Hasselt-FH05;23998;FTTH-Cu;;13419287;20190712011951;;26300000;17266
4896766;Zoning;10433858;20191109094846;W03-D-Hasselt-FH05;10433858;20191109094846;W03-D-Hasselt-FH05;23998;FTTH-Cu;;398385;20190709075253;;26300000;17266
4897773;Zoning;10433858;20191109094846;W03-D-Hasselt-FH05;10433858;20191109094846;W03-D-Hasselt-FH05;23998;FTTH-Cu;;13419288;20190712011951;;26300000;17266
3937439;Zoning;10433858;20191109094846;W03-D-Hasselt-FH05;10433858;20191109094846;W03-D-Hasselt-FH05;23998;FTTH-Cu;;10522568;20190709075251;;26300000;17266
2423305;Zoning;10433858;20191109094846;W03-D-Hasselt-FH05;10433858;20191109094846;W03-D-Hasselt-FH05;23998;FTTH-Cu;;386734;20190709075245;;26300000;17266
2423306;Zoning;10433858;20191109094846;W03-D-Hasselt-FH05;10433858;20191109094846;W03-D-Hasselt-FH05;23998;FTTH-Cu;;386735;20190709075245;;26300000;17266
4896769;Zoning;10433858;20191109094846;W03-D-Hasselt-FH05;10433858;20191109094846;W03-D-Hasselt-FH05;23998;FTTH-Cu;;398386;20190709075253;;26300000;17266
4896770;Zoning;10433858;20191109094846;W03-D-Hasselt-FH05;10433858;20191109094846;W03-D-Hasselt-FH05;23998;FTTH-Cu;;398387;20190709075253;;26300000;17266
2423307;Zoning;10433858;20191109094846;W03-D-Hasselt-FH05;10433858;20191109094846;W03-D-Hasselt-FH05;23998;FTTH-Cu;;386736;20190709075246;;26300000;17266
4896772;Zoning;10433858;20191109094846;W03-D-Hasselt-FH05;10433858;20191109094846;W03-D-Hasselt-FH05;23998;FTTH-Cu;;398388;20190709075253;;26300000;17266
2423310;Zoning;10433858;20191109094846;W03-D-Hasselt-FH05;10433858;20191109094846;W03-D-Hasselt-FH05;23998;FTTH-Cu;;386737;20190709075246;;26300000;17266
2423313;Zoning;10433858;20191109094846;W03-D-Hasselt-FH05;10433858;20191109094846;W03-D-Hasselt-FH05;23998;FTTH-Cu;;386738;20190709075246;;26300000;17266
2423318;Zoning;10433858;20191109094846;W03-D-Hasselt-FH05;10433858;20191109094846;W03-D-Hasselt-FH05;23998;FTTH-Cu;;386739;20190709075246;;26300000;17266
4093037;Zoning;10433858;20191109094846;W03-D-Hasselt-FH05;10433858;20191109094846;W03-D-Hasselt-FH05;23998;FTTH-Cu;;395227;20190709075256;;26300000;17266
2423320;Zoning;10433858;20191109094846;W03-D-Hasselt-FH05;10433858;20191109094846;W03-D-Hasselt-FH05;23998;FTTH-Cu;;386740;20190709075246;;26300000;17266
2423323;Zoning;10433858;20191109094846;W03-D-Hasselt-FH05;10433858;20191109094846;W03-D-Hasselt-FH05;23998;FTTH-Cu;;386741;20190709075246;;26300000;17266
2423325;Zoning;10433858;20191109094846;W03-D-Hasselt-FH05;10433858;20191109094846;W03-D-Hasselt-FH05;23998;FTTH-Cu;;386742;20190709075246;;26300000;17266
328382;Zoning;10433858;20191109094846;W03-D-Hasselt-FH05;10433858;20191109094846;W03-D-Hasselt-FH05;23998;FTTH-Cu;;394330;20190709075259;;26300000;17266
2423328;Zoning;10433858;20191109094846;W03-D-Hasselt-FH05;10433858;20191109094846;W03-D-Hasselt-FH05;23998;FTTH-Cu;;386743;20190709075246;;26300000;17266
2423331;Zoning;10433858;20191109094846;W03-D-Hasselt-FH05;10433858;20191109094846;W03-D-Hasselt-FH05;23998;FTTH-Cu;;386744;20190709075246;;26300000;17266
2423335;Zoning;10433858;20191109094846;W03-D-Hasselt-FH05;10433858;20191109094846;W03-D-Hasselt-FH05;23998;FTTH-Cu;;10522557;20190709075251;;26300000;17266
4897827;Zoning;10433858;20191109094846;W03-D-Hasselt-FH05;10433858;20191109094846;W03-D-Hasselt-FH05;23998;FTTH-Cu;;398457;20190709075255;;26300000;17266
2423337;Zoning;10433858;20191109094846;W03-D-Hasselt-FH05;10433858;20191109094846;W03-D-Hasselt-FH05;23998;FTTH-Cu;;10522558;20190709075251;;26300000;17266
2423340;Zoning;10433858;20191109094846;W03-D-Hasselt-FH05;10433858;20191109094846;W03-D-Hasselt-FH05;23998;FTTH-Cu;;386747;20190709075246;;26300000;17266
708707;Zoning;10433858;20191109094846;W03-D-Hasselt-FH05;10433858;20191109094846;W03-D-Hasselt-FH05;23998;FTTH-Cu;;404163;20190709075252;;26300000;17266
3959995;Zoning;10433858;20191109094846;W03-D-Hasselt-FH05;10433858;20191109094846;W03-D-Hasselt-FH05;23998;FTTH-Cu;;394885;20190709075252;;26300000;17266
2423343;Zoning;10433858;20191109094846;W03-D-Hasselt-FH05;10433858;20191109094846;W03-D-Hasselt-FH05;23998;FTTH-Cu;;386748;20190709075246;;26300000;17266
328385;Zoning;10433858;20191109094846;W03-D-Hasselt-FH05;10433858;20191109094846;W03-D-Hasselt-FH05;23998;FTTH-Cu;;394332;20190709075259;;26300000;17266
4897797;Zoning;10433858;20191109094846;W03-D-Hasselt-FH05;10433858;20191109094846;W03-D-Hasselt-FH05;23998;FTTH-Cu;;398455;20190709075255;;26300000;17266
2423346;Zoning;10433858;20191109094846;W03-D-Hasselt-FH05;10433858;20191109094846;W03-D-Hasselt-FH05;23998;FTTH-Cu;;386749;20190709075246;;26300000;17266
328384;Zoning;10433858;20191109094846;W03-D-Hasselt-FH05;10433858;20191109094846;W03-D-Hasselt-FH05;23998;FTTH-Cu;;394331;20190709075259;;26300000;17266
2423347;Zoning;10433858;20191109094846;W03-D-Hasselt-FH05;10433858;20191109094846;W03-D-Hasselt-FH05;23998;FTTH-Cu;;386750;20190709075246;;26300000;17266
2423348;Zoning;10433858;20191109094846;W03-D-Hasselt-FH05;10433858;20191109094846;W03-D-Hasselt-FH05;23998;FTTH-Cu;;386751;20190709075246;;26300000;17266
2423350;Zoning;10433858;20191109094846;W03-D-Hasselt-FH05;10433858;20191109094846;W03-D-Hasselt-FH05;23998;FTTH-Cu;;386752;20190709075246;;26300000;17266
6556554;Zoning;10433858;20191109094846;W03-D-Hasselt-FH05;10433858;20191109094846;W03-D-Hasselt-FH05;23998;FTTH-Cu;;13419290;20190712011951;;26300000;17266
2423352;Zoning;10433858;20191109094846;W03-D-Hasselt-FH05;10433858;20191109094846;W03-D-Hasselt-FH05;23998;FTTH-Cu;;386753;20190709075247;;26300000;17266
2423355;Zoning;10433858;20191109094846;W03-D-Hasselt-FH05;10433858;20191109094846;W03-D-Hasselt-FH05;23998;FTTH-Cu;;386754;20190709075247;;26300000;17266
4897817;Zoning;10433858;20191109094846;W03-D-Hasselt-FH05;10433858;20191109094846;W03-D-Hasselt-FH05;23998;FTTH-Cu;;13419289;20190712011951;;26300000;17266
4897819;Zoning;10433858;20191109094846;W03-D-Hasselt-FH05;10433858;20191109094846;W03-D-Hasselt-FH05;23998;FTTH-Cu;;398456;20190709075255;;26300000;17266
708908;Zoning;10433858;20191109094846;W03-D-Hasselt-FH05;10433858;20191109094846;W03-D-Hasselt-FH05;23998;FTTH-Cu;;404249;20190709075252;;26300000;17266
708907;Zoning;10433858;20191109094846;W03-D-Hasselt-FH05;10433858;20191109094846;W03-D-Hasselt-FH05;23998;FTTH-Cu;;404248;20190709075252;;26300000;17266
21916;Zoning;10433858;20191109094846;W03-D-Hasselt-FH05;10433858;20191109094846;W03-D-Hasselt-FH05;23998;FTTH-Cu;;380752;20190709075247;;26300000;17266
4193754;Zoning;10433858;20191109094846;W03-D-Hasselt-FH05;10433858;20191109094846;W03-D-Hasselt-FH05;23998;FTTH-Cu;;395615;20190709075256;;26300000;18514
21906;Zoning;10433858;20191109094846;W03-D-Hasselt-FH05;10433858;20191109094846;W03-D-Hasselt-FH05;23998;FTTH-Cu;;13419291;20190712011951;;26300000;18514
328371;Zoning;10433858;20191109094846;W03-D-Hasselt-FH05;10433858;20191109094846;W03-D-Hasselt-FH05;23998;FTTH-Cu;;394319;20190709075258;;26300000;18514
4022873;Zoning;10433858;20191109094846;W03-D-Hasselt-FH05;10433858;20191109094846;W03-D-Hasselt-FH05;23998;FTTH-Cu;;395032;20190709075256;;26300000;18514
2425666;Zoning;10433858;20191109094846;W03-D-Hasselt-FH05;10433858;20191109094846;W03-D-Hasselt-FH05;23998;FTTH-Cu;;387352;20190709075238;;26300000;18514
328370;Zoning;10433858;20191109094846;W03-D-Hasselt-FH05;10433858;20191109094846;W03-D-Hasselt-FH05;23998;FTTH-Cu;;394318;20190709075258;;26300000;18514
2425667;Zoning;10433858;20191109094846;W03-D-Hasselt-FH05;10433858;20191109094846;W03-D-Hasselt-FH05;23998;FTTH-Cu;;387353;20190709075238;;26300000;18514
1512520;Zoning;10433858;20191109094846;W03-D-Hasselt-FH05;10433858;20191109094846;W03-D-Hasselt-FH05;23998;FTTH-Cu;;380537;20190709075247;;26300000;18514
2425670;Zoning;10433858;20191109094846;W03-D-Hasselt-FH05;10433858;20191109094846;W03-D-Hasselt-FH05;23998;FTTH-Cu;;387354;20190709075238;;26300000;18514
2425673;Zoning;10433858;20191109094846;W03-D-Hasselt-FH05;10433858;20191109094846;W03-D-Hasselt-FH05;23998;FTTH-Cu;;10522559;20190709075251;;26300000;18514
2425674;Zoning;10433858;20191109094846;W03-D-Hasselt-FH05;10433858;20191109094846;W03-D-Hasselt-FH05;23998;FTTH-Cu;;10522560;20190709075251;;26300000;18514
2425675;Zoning;10433858;20191109094846;W03-D-Hasselt-FH05;10433858;20191109094846;W03-D-Hasselt-FH05;23998;FTTH-Cu;;387357;20190709075238;;26300000;18514
2425678;Zoning;10433858;20191109094846;W03-D-Hasselt-FH05;10433858;20191109094846;W03-D-Hasselt-FH05;23998;FTTH-Cu;;387358;20190709075238;;26300000;18514
2425681;Zoning;10433858;20191109094846;W03-D-Hasselt-FH05;10433858;20191109094846;W03-D-Hasselt-FH05;23998;FTTH-Cu;;387359;20190709075238;;26300000;18514
2425682;Zoning;10433858;20191109094846;W03-D-Hasselt-FH05;10433858;20191109094846;W03-D-Hasselt-FH05;23998;FTTH-Cu;;387360;20190709075238;;26300000;18514
2425686;Zoning;10433858;20191109094846;W03-D-Hasselt-FH05;10433858;20191109094846;W03-D-Hasselt-FH05;23998;FTTH-Cu;;387361;20190709075238;;26300000;18514
2425690;Zoning;10433858;20191109094846;W03-D-Hasselt-FH05;10433858;20191109094846;W03-D-Hasselt-FH05;23998;FTTH-Cu;;387362;20190709075238;;26300000;18514
2425694;Zoning;10433858;20191109094846;W03-D-Hasselt-FH05;10433858;20191109094846;W03-D-Hasselt-FH05;23998;FTTH-Cu;;387363;20190709075239;;26300000;18514
4896985;Zoning;10433858;20191109094846;W03-D-Hasselt-FH05;10433858;20191109094846;W03-D-Hasselt-FH05;23998;FTTH-Cu;;398406;20190709075254;;26300000;18514
2425698;Zoning;10433858;20191109094846;W03-D-Hasselt-FH05;10433858;20191109094846;W03-D-Hasselt-FH05;23998;FTTH-Cu;;387364;20190709075239;;26300000;18514
2425701;Zoning;10433858;20191109094846;W03-D-Hasselt-FH05;10433858;20191109094846;W03-D-Hasselt-FH05;23998;FTTH-Cu;;387365;20190709075239;;26300000;18514
4209906;Zoning;10433858;20191109094846;W03-D-Hasselt-FH05;10433858;20191109094846;W03-D-Hasselt-FH05;23998;FTTH-Cu;;395761;20190709075253;;26300000;18514
2425703;Zoning;10433858;20191109094846;W03-D-Hasselt-FH05;10433858;20191109094846;W03-D-Hasselt-FH05;23998;FTTH-Cu;;387366;20190709075239;;26300000;18514
3937481;Zoning;10433858;20191109094846;W03-D-Hasselt-FH05;10433858;20191109094846;W03-D-Hasselt-FH05;23998;FTTH-Cu;;10522569;20190709075252;;26300000;18514
328374;Zoning;10433858;20191109094846;W03-D-Hasselt-FH05;10433858;20191109094846;W03-D-Hasselt-FH05;23998;FTTH-Cu;;394322;20190709075258;;26300000;18514
2425705;Zoning;10433858;20191109094846;W03-D-Hasselt-FH05;10433858;20191109094846;W03-D-Hasselt-FH05;23998;FTTH-Cu;;387367;20190709075239;;26300000;18514
328372;Zoning;10433858;20191109094846;W03-D-Hasselt-FH05;10433858;20191109094846;W03-D-Hasselt-FH05;23998;FTTH-Cu;;394320;20190709075258;;26300000;18514
328373;Zoning;10433858;20191109094846;W03-D-Hasselt-FH05;10433858;20191109094846;W03-D-Hasselt-FH05;23998;FTTH-Cu;;394321;20190709075258;;26300000;18514
2425708;Zoning;10433858;20191109094846;W03-D-Hasselt-FH05;10433858;20191109094846;W03-D-Hasselt-FH05;23998;FTTH-Cu;;387368;20190709075239;;26300000;18514
2425710;Zoning;10433858;20191109094846;W03-D-Hasselt-FH05;10433858;20191109094846;W03-D-Hasselt-FH05;23998;FTTH-Cu;;387369;20190709075239;;26300000;18514
2425711;Zoning;10433858;20191109094846;W03-D-Hasselt-FH05;10433858;20191109094846;W03-D-Hasselt-FH05;23998;FTTH-Cu;;387370;20190709075239;;26300000;18514
2425713;Zoning;10433858;20191109094846;W03-D-Hasselt-FH05;10433858;20191109094846;W03-D-Hasselt-FH05;23998;FTTH-Cu;;387371;20190709075239;;26300000;18514
328375;Zoning;10433858;20191109094846;W03-D-Hasselt-FH05;10433858;20191109094846;W03-D-Hasselt-FH05;23998;FTTH-Cu;;394323;20190709075258;;26300000;18514
2426459;Zoning;10433858;20191109094846;W03-D-Hasselt-FH05;10433858;20191109094846;W03-D-Hasselt-FH05;23998;FTTH-Cu;;387625;20190709075241;;26300000;19408
2426463;Zoning;10433858;20191109094846;W03-D-Hasselt-FH05;10433858;20191109094846;W03-D-Hasselt-FH05;23998;FTTH-Cu;;387627;20190709075243;;26300000;19408
2426466;Zoning;10433858;20191109094846;W03-D-Hasselt-FH05;10433858;20191109094846;W03-D-Hasselt-FH05;23998;FTTH-Cu;;387628;20190709075243;;26300000;19408
328566;Zoning;10433858;20191109094846;W03-D-Hasselt-FH05;10433858;20191109094846;W03-D-Hasselt-FH05;23998;FTTH-Cu;;394357;20190709075300;;26300000;19408
2426469;Zoning;10433858;20191109094846;W03-D-Hasselt-FH05;10433858;20191109094846;W03-D-Hasselt-FH05;23998;FTTH-Cu;;387630;20190709075243;;26300000;19408
2426473;Zoning;10433858;20191109094846;W03-D-Hasselt-FH05;10433858;20191109094846;W03-D-Hasselt-FH05;23998;FTTH-Cu;;387631;20190709075243;;26300000;19408
2426475;Zoning;10433858;20191109094846;W03-D-Hasselt-FH05;10433858;20191109094846;W03-D-Hasselt-FH05;23998;FTTH-Cu;;387632;20190709075243;;26300000;19408
2426476;Zoning;10433858;20191109094846;W03-D-Hasselt-FH05;10433858;20191109094846;W03-D-Hasselt-FH05;23998;FTTH-Cu;;387633;20190709075243;;26300000;19408
4896927;Zoning;10433858;20191109094846;W03-D-Hasselt-FH05;10433858;20191109094846;W03-D-Hasselt-FH05;23998;FTTH-Cu;;13419292;20190712011951;;26300000;19408
328565;Zoning;10433858;20191109094846;W03-D-Hasselt-FH05;10433858;20191109094846;W03-D-Hasselt-FH05;23998;FTTH-Cu;;394356;20190709075300;;26300000;19408
4896928;Zoning;10433858;20191109094846;W03-D-Hasselt-FH05;10433858;20191109094846;W03-D-Hasselt-FH05;23998;FTTH-Cu;;398403;20190709075254;;26300000;19408
2426482;Zoning;10433858;20191109094846;W03-D-Hasselt-FH05;10433858;20191109094846;W03-D-Hasselt-FH05;23998;FTTH-Cu;;387635;20190709075243;;26300000;19408
2426484;Zoning;10433858;20191109094846;W03-D-Hasselt-FH05;10433858;20191109094846;W03-D-Hasselt-FH05;23998;FTTH-Cu;;387636;20190709075243;;26300000;19408
2426488;Zoning;10433858;20191109094846;W03-D-Hasselt-FH05;10433858;20191109094846;W03-D-Hasselt-FH05;23998;FTTH-Cu;;387637;20190709075243;;26300000;19408
2426493;Zoning;10433858;20191109094846;W03-D-Hasselt-FH05;10433858;20191109094846;W03-D-Hasselt-FH05;23998;FTTH-Cu;;387638;20190709075243;;26300000;19408
2426494;Zoning;10433858;20191109094846;W03-D-Hasselt-FH05;10433858;20191109094846;W03-D-Hasselt-FH05;23998;FTTH-Cu;;387639;20190709075243;;26300000;19408
328558;Zoning;10433858;20191109094846;W03-D-Hasselt-FH05;10433858;20191109094846;W03-D-Hasselt-FH05;23998;FTTH-Cu;;394350;20190709075300;;26300000;19408
328556;Zoning;10433858;20191109094846;W03-D-Hasselt-FH05;10433858;20191109094846;W03-D-Hasselt-FH05;23998;FTTH-Cu;;394348;20190709075300;;26300000;19408
2426499;Zoning;10433858;20191109094846;W03-D-Hasselt-FH05;10433858;20191109094846;W03-D-Hasselt-FH05;23998;FTTH-Cu;;387640;20190709075244;;26300000;19408
2426502;Zoning;10433858;20191109094846;W03-D-Hasselt-FH05;10433858;20191109094846;W03-D-Hasselt-FH05;23998;FTTH-Cu;;10522563;20190709075251;;26300000;19408
2426503;Zoning;10433858;20191109094846;W03-D-Hasselt-FH05;10433858;20191109094846;W03-D-Hasselt-FH05;23998;FTTH-Cu;;10522564;20190709075251;;26300000;19408
2426504;Zoning;10433858;20191109094846;W03-D-Hasselt-FH05;10433858;20191109094846;W03-D-Hasselt-FH05;23998;FTTH-Cu;;10522565;20190709075251;;26300000;19408
2426506;Zoning;10433858;20191109094846;W03-D-Hasselt-FH05;10433858;20191109094846;W03-D-Hasselt-FH05;23998;FTTH-Cu;;387645;20190709075244;;26300000;19408
2426507;Zoning;10433858;20191109094846;W03-D-Hasselt-FH05;10433858;20191109094846;W03-D-Hasselt-FH05;23998;FTTH-Cu;;387646;20190709075244;;26300000;19408
2426509;Zoning;10433858;20191109094846;W03-D-Hasselt-FH05;10433858;20191109094846;W03-D-Hasselt-FH05;23998;FTTH-Cu;;387647;20190709075244;;26300000;19408
4896868;Zoning;10433858;20191109094846;W03-D-Hasselt-FH05;10433858;20191109094846;W03-D-Hasselt-FH05;23998;FTTH-Cu;;398395;20190709075254;;26300000;19408
2426514;Zoning;10433858;20191109094846;W03-D-Hasselt-FH05;10433858;20191109094846;W03-D-Hasselt-FH05;23998;FTTH-Cu;;387650;20190709075244;;26300000;19408
2426516;Zoning;10433858;20191109094846;W03-D-Hasselt-FH05;10433858;20191109094846;W03-D-Hasselt-FH05;23998;FTTH-Cu;;387652;20190709075244;;26300000;19408
2426517;Zoning;10433858;20191109094846;W03-D-Hasselt-FH05;10433858;20191109094846;W03-D-Hasselt-FH05;23998;FTTH-Cu;;387653;20190709075244;;26300000;19408
4896871;Zoning;10433858;20191109094846;W03-D-Hasselt-FH05;10433858;20191109094846;W03-D-Hasselt-FH05;23998;FTTH-Cu;;398396;20190709075254;;26300000;19408
2426522;Zoning;10433858;20191109094846;W03-D-Hasselt-FH05;10433858;20191109094846;W03-D-Hasselt-FH05;23998;FTTH-Cu;;387654;20190709075244;;26300000;19408
2426526;Zoning;10433858;20191109094846;W03-D-Hasselt-FH05;10433858;20191109094846;W03-D-Hasselt-FH05;23998;FTTH-Cu;;387656;20190709075244;;26300000;19408
4896959;Zoning;10433858;20191109094846;W03-D-Hasselt-FH05;10433858;20191109094846;W03-D-Hasselt-FH05;23998;FTTH-Cu;;398404;20190709075254;;26300000;19408
1190701;Zoning;10433858;20191109094846;W03-D-Hasselt-FH05;10433858;20191109094846;W03-D-Hasselt-FH05;23998;FTTH-Cu;;379613;20190709075247;;26300000;19408
1481618;Zoning;10433858;20191109094846;W03-D-Hasselt-FH05;10433858;20191109094846;W03-D-Hasselt-FH05;23998;FTTH-Cu;;380360;20190709075247;;26300000;19408
2426533;Zoning;10433858;20191109094846;W03-D-Hasselt-FH05;10433858;20191109094846;W03-D-Hasselt-FH05;23998;FTTH-Cu;;387658;20190709075244;;26300000;19408
4896963;Zoning;10433858;20191109094846;W03-D-Hasselt-FH05;10433858;20191109094846;W03-D-Hasselt-FH05;23998;FTTH-Cu;;398405;20190709075254;;26300000;19408
2426536;Zoning;10433858;20191109094846;W03-D-Hasselt-FH05;10433858;20191109094846;W03-D-Hasselt-FH05;23998;FTTH-Cu;;387659;20190709075244;;26300000;19408
327202;Zoning;10433858;20191109094846;W03-D-Hasselt-FH05;10433858;20191109094846;W03-D-Hasselt-FH05;23998;FTTH-Cu;;394252;20190709075256;;26300000;19408
2426540;Zoning;10433858;20191109094846;W03-D-Hasselt-FH05;10433858;20191109094846;W03-D-Hasselt-FH05;23998;FTTH-Cu;;387660;20190709075244;;26300000;19408
2426542;Zoning;10433858;20191109094846;W03-D-Hasselt-FH05;10433858;20191109094846;W03-D-Hasselt-FH05;23998;FTTH-Cu;;387661;20190709075244;;26300000;19408
1441625;Zoning;10433858;20191109094846;W03-D-Hasselt-FH05;10433858;20191109094846;W03-D-Hasselt-FH05;23998;FTTH-Cu;;380169;20190709075247;;26300000;19408
328557;Zoning;10433858;20191109094846;W03-D-Hasselt-FH05;10433858;20191109094846;W03-D-Hasselt-FH05;23998;FTTH-Cu;;394349;20190709075300;;26300000;19408
328559;Zoning;10433858;20191109094846;W03-D-Hasselt-FH05;10433858;20191109094846;W03-D-Hasselt-FH05;23998;FTTH-Cu;;394351;20190709075300;;26300000;19408
2426545;Zoning;10433858;20191109094846;W03-D-Hasselt-FH05;10433858;20191109094846;W03-D-Hasselt-FH05;23998;FTTH-Cu;;387662;20190709075244;;26300000;19408
4896855;Zoning;10433858;20191109094846;W03-D-Hasselt-FH05;10433858;20191109094846;W03-D-Hasselt-FH05;23998;FTTH-Cu;;398394;20190709075254;;26300000;19408
2426547;Zoning;10433858;20191109094846;W03-D-Hasselt-FH05;10433858;20191109094846;W03-D-Hasselt-FH05;23998;FTTH-Cu;;387663;20190709075245;;26300000;19408
1510695;Zoning;10433858;20191109094846;W03-D-Hasselt-FH05;10433858;20191109094846;W03-D-Hasselt-FH05;23998;FTTH-Cu;;380529;20190709075247;;26300000;19408
1164602;Zoning;10433858;20191109094846;W03-D-Hasselt-FH05;10433858;20191109094846;W03-D-Hasselt-FH05;23998;FTTH-Cu;;379497;20190709075247;;26300000;19408
328553;Zoning;10433858;20191109094846;W03-D-Hasselt-FH05;10433858;20191109094846;W03-D-Hasselt-FH05;23998;FTTH-Cu;;394345;20190709075300;;26300000;19408
2426562;Zoning;10433858;20191109094846;W03-D-Hasselt-FH05;10433858;20191109094846;W03-D-Hasselt-FH05;23998;FTTH-Cu;;10522566;20190709075251;;26300000;19408
2426288;Zoning;10433858;20191109094846;W03-D-Hasselt-FH05;10433858;20191109094846;W03-D-Hasselt-FH05;23998;FTTH-Cu;;387546;20190709075239;;26300000;19405
328576;Zoning;10433858;20191109094846;W03-D-Hasselt-FH05;10433858;20191109094846;W03-D-Hasselt-FH05;23998;FTTH-Cu;;394365;20190709075255;;26300000;19405
2426291;Zoning;10433858;20191109094846;W03-D-Hasselt-FH05;10433858;20191109094846;W03-D-Hasselt-FH05;23998;FTTH-Cu;;387547;20190709075239;;26300000;19405
328577;Zoning;10433858;20191109094846;W03-D-Hasselt-FH05;10433858;20191109094846;W03-D-Hasselt-FH05;23998;FTTH-Cu;;394366;20190709075255;;26300000;19405
328544;Zoning;10433858;20191109094846;W03-D-Hasselt-FH05;10433858;20191109094846;W03-D-Hasselt-FH05;23998;FTTH-Cu;;394337;20190709075259;;26300000;19405
4896742;Zoning;10433858;20191109094846;W03-D-Hasselt-FH05;10433858;20191109094846;W03-D-Hasselt-FH05;23998;FTTH-Cu;;398384;20190709075253;;26300000;19405
2426295;Zoning;10433858;20191109094846;W03-D-Hasselt-FH05;10433858;20191109094846;W03-D-Hasselt-FH05;23998;FTTH-Cu;;387548;20190709075239;;26300000;19405
5934865;Zoning;10433858;20191109094846;W03-D-Hasselt-FH05;10433858;20191109094846;W03-D-Hasselt-FH05;23998;FTTH-Cu;;13419294;20190712011951;;26300000;19405
2426296;Zoning;10433858;20191109094846;W03-D-Hasselt-FH05;10433858;20191109094846;W03-D-Hasselt-FH05;23998;FTTH-Cu;;387549;20190709075240;;26300000;19405
2426298;Zoning;10433858;20191109094846;W03-D-Hasselt-FH05;10433858;20191109094846;W03-D-Hasselt-FH05;23998;FTTH-Cu;;387550;20190709075240;;26300000;19405
2426301;Zoning;10433858;20191109094846;W03-D-Hasselt-FH05;10433858;20191109094846;W03-D-Hasselt-FH05;23998;FTTH-Cu;;387551;20190709075240;;26300000;19405
6086484;Zoning;10433858;20191109094846;W03-D-Hasselt-FH05;10433858;20191109094846;W03-D-Hasselt-FH05;23998;FTTH-Cu;;13419293;20190712011951;;26300000;19405
2426304;Zoning;10433858;20191109094846;W03-D-Hasselt-FH05;10433858;20191109094846;W03-D-Hasselt-FH05;23998;FTTH-Cu;;387552;20190709075240;;26300000;19405
2426306;Zoning;10433858;20191109094846;W03-D-Hasselt-FH05;10433858;20191109094846;W03-D-Hasselt-FH05;23998;FTTH-Cu;;387553;20190709075240;;26300000;19405
2426309;Zoning;10433858;20191109094846;W03-D-Hasselt-FH05;10433858;20191109094846;W03-D-Hasselt-FH05;23998;FTTH-Cu;;387554;20190709075240;;26300000;19405
2426310;Zoning;10433858;20191109094846;W03-D-Hasselt-FH05;10433858;20191109094846;W03-D-Hasselt-FH05;23998;FTTH-Cu;;387555;20190709075240;;26300000;19405
328541;Zoning;10433858;20191109094846;W03-D-Hasselt-FH05;10433858;20191109094846;W03-D-Hasselt-FH05;23998;FTTH-Cu;;394334;20190709075259;;26300000;19405
2426312;Zoning;10433858;20191109094846;W03-D-Hasselt-FH05;10433858;20191109094846;W03-D-Hasselt-FH05;23998;FTTH-Cu;;387556;20190709075240;;26300000;19405
2426313;Zoning;10433858;20191109094846;W03-D-Hasselt-FH05;10433858;20191109094846;W03-D-Hasselt-FH05;23998;FTTH-Cu;;387557;20190709075240;;26300000;19405
2426315;Zoning;10433858;20191109094846;W03-D-Hasselt-FH05;10433858;20191109094846;W03-D-Hasselt-FH05;23998;FTTH-Cu;;387558;20190709075240;;26300000;19405
328542;Zoning;10433858;20191109094846;W03-D-Hasselt-FH05;10433858;20191109094846;W03-D-Hasselt-FH05;23998;FTTH-Cu;;394335;20190709075259;;26300000;19405
2426317;Zoning;10433858;20191109094846;W03-D-Hasselt-FH05;10433858;20191109094846;W03-D-Hasselt-FH05;23998;FTTH-Cu;;387559;20190709075240;;26300000;19405
4227121;Zoning;10433858;20191109094846;W03-D-Hasselt-FH05;10433858;20191109094846;W03-D-Hasselt-FH05;23998;FTTH-Cu;;395909;20190709075256;;26300000;19405
2426318;Zoning;10433858;20191109094846;W03-D-Hasselt-FH05;10433858;20191109094846;W03-D-Hasselt-FH05;23998;FTTH-Cu;;387560;20190709075241;;26300000;19405
2426319;Zoning;10433858;20191109094846;W03-D-Hasselt-FH05;10433858;20191109094846;W03-D-Hasselt-FH05;23998;FTTH-Cu;;10522561;20190709075251;;26300000;19405
2426320;Zoning;10433858;20191109094846;W03-D-Hasselt-FH05;10433858;20191109094846;W03-D-Hasselt-FH05;23998;FTTH-Cu;;10522562;20190709075251;;26300000;19405
4896735;Zoning;10433858;20191109094846;W03-D-Hasselt-FH05;10433858;20191109094846;W03-D-Hasselt-FH05;23998;FTTH-Cu;;398381;20190709075253;;26300000;19405
2426322;Zoning;10433858;20191109094846;W03-D-Hasselt-FH05;10433858;20191109094846;W03-D-Hasselt-FH05;23998;FTTH-Cu;;387563;20190709075241;;26300000;19405
4896736;Zoning;10433858;20191109094846;W03-D-Hasselt-FH05;10433858;20191109094846;W03-D-Hasselt-FH05;23998;FTTH-Cu;;398382;20190709075253;;26300000;19405
4896738;Zoning;10433858;20191109094846;W03-D-Hasselt-FH05;10433858;20191109094846;W03-D-Hasselt-FH05;23998;FTTH-Cu;;398383;20190709075253;;26300000;19405
2426323;Zoning;10433858;20191109094846;W03-D-Hasselt-FH05;10433858;20191109094846;W03-D-Hasselt-FH05;23998;FTTH-Cu;;387564;20190709075241;;26300000;19405
3922303;Zoning;10433858;20191109094846;W03-D-Hasselt-FH05;10433858;20191109094846;W03-D-Hasselt-FH05;23998;FTTH-Cu;;394418;20190709075255;;26300000;19405
328546;Zoning;10433858;20191109094846;W03-D-Hasselt-FH05;10433858;20191109094846;W03-D-Hasselt-FH05;23998;FTTH-Cu;;394338;20190709075259;;26300000;19405
2426326;Zoning;10433858;20191109094846;W03-D-Hasselt-FH05;10433858;20191109094846;W03-D-Hasselt-FH05;23998;FTTH-Cu;;387565;20190709075241;;26300000;19405
328540;Zoning;10433858;20191109094846;W03-D-Hasselt-FH05;10433858;20191109094846;W03-D-Hasselt-FH05;23998;FTTH-Cu;;394333;20190709075259;;26300000;19405
2426330;Zoning;10433858;20191109094846;W03-D-Hasselt-FH05;10433858;20191109094846;W03-D-Hasselt-FH05;23998;FTTH-Cu;;387566;20190709075241;;26300000;19405
2426331;Zoning;10433858;20191109094846;W03-D-Hasselt-FH05;10433858;20191109094846;W03-D-Hasselt-FH05;23998;FTTH-Cu;;387567;20190709075241;;26300000;19405
2426332;Zoning;10433858;20191109094846;W03-D-Hasselt-FH05;10433858;20191109094846;W03-D-Hasselt-FH05;23998;FTTH-Cu;;387568;20190709075241;;26300000;19405
2426333;Zoning;10433858;20191109094846;W03-D-Hasselt-FH05;10433858;20191109094846;W03-D-Hasselt-FH05;23998;FTTH-Cu;;387569;20190709075241;;26300000;19405
3990101;Zoning;10433858;20191109094846;W03-D-Hasselt-FH05;10433858;20191109094846;W03-D-Hasselt-FH05;23998;FTTH-Cu;;394943;20190709075256;;26300000;19405
328543;Zoning;10433858;20191109094846;W03-D-Hasselt-FH05;10433858;20191109094846;W03-D-Hasselt-FH05;23998;FTTH-Cu;;394336;20190709075259;;26300000;19405
2426334;Zoning;10433858;20191109094846;W03-D-Hasselt-FH05;10433858;20191109094846;W03-D-Hasselt-FH05;23998;FTTH-Cu;;5166168;20190709075301;;26300000;19405
2406760;Zoning;10433858;20191109094846;W03-D-Hasselt-FH05;10433858;20191109094846;W03-D-Hasselt-FH05;23998;FTTH-Cu;;381197;20190709075250;;26300000;58
4897745;Zoning;10433858;20191109094846;W03-D-Hasselt-FH05;10433858;20191109094846;W03-D-Hasselt-FH05;23998;FTTH-Cu;;398452;20190709075255;;26300000;58
4897748;Zoning;10433858;20191109094846;W03-D-Hasselt-FH05;10433858;20191109094846;W03-D-Hasselt-FH05;23998;FTTH-Cu;;398453;20190709075255;;26300000;58
2406762;Zoning;10433858;20191109094846;W03-D-Hasselt-FH05;10433858;20191109094846;W03-D-Hasselt-FH05;23998;FTTH-Cu;;381198;20190709075251;;26300000;58
708909;Zoning;10433858;20191109094846;W03-D-Hasselt-FH05;10433858;20191109094846;W03-D-Hasselt-FH05;23998;FTTH-Cu;;404250;20190709075252;;26300000;74
328362;Zoning;10433858;20191109094846;W03-D-Hasselt-FH05;10433858;20191109094846;W03-D-Hasselt-FH05;23998;FTTH-Cu;;394312;20190709075258;;26300000;74
328366;Zoning;10433858;20191109094846;W03-D-Hasselt-FH05;10433858;20191109094846;W03-D-Hasselt-FH05;23998;FTTH-Cu;;394315;20190709075258;;26300000;74
6556771;Zoning;10433858;20191109094846;W03-D-Hasselt-FH05;10433858;20191109094846;W03-D-Hasselt-FH05;23998;FTTH-Cu;;13419295;20190712011951;;26300000;74
328365;Zoning;10433858;20191109094846;W03-D-Hasselt-FH05;10433858;20191109094846;W03-D-Hasselt-FH05;23998;FTTH-Cu;;394314;20190709075258;;26300000;74
328368;Zoning;10433858;20191109094846;W03-D-Hasselt-FH05;10433858;20191109094846;W03-D-Hasselt-FH05;23998;FTTH-Cu;;394317;20190709075258;;26300000;74
328364;Zoning;10433858;20191109094846;W03-D-Hasselt-FH05;10433858;20191109094846;W03-D-Hasselt-FH05;23998;FTTH-Cu;;394313;20190709075258;;26300000;74
328367;Zoning;10433858;20191109094846;W03-D-Hasselt-FH05;10433858;20191109094846;W03-D-Hasselt-FH05;23998;FTTH-Cu;;394316;20190709075258;;26300000;74
5751543;Zoning;10433858;20191109094846;W03-D-Hasselt-FH05;10433858;20191109094846;W03-D-Hasselt-FH05;23998;FTTH-Cu;;12658273;20190709075303;;26300000;74
4896908;Zoning;10433858;20191109094846;W03-D-Hasselt-FH05;10433858;20191109094846;W03-D-Hasselt-FH05;23998;FTTH-Cu;;398399;20190709075254;;26300000;74
6391167;Zoning;10433858;20191109094846;W03-D-Hasselt-FH05;10433858;20191109094846;W03-D-Hasselt-FH05;23998;FTTH-Cu;;12658274;20190709075303;;26300000;74
4896910;Zoning;10433858;20191109094846;W03-D-Hasselt-FH05;10433858;20191109094846;W03-D-Hasselt-FH05;23998;FTTH-Cu;;398400;20190709075254;;26300000;74
5908229;Zoning;10433858;20191109094846;W03-D-Hasselt-FH05;10433858;20191109094846;W03-D-Hasselt-FH05;23998;FTTH-Cu;;10522572;20190709075252;;26300000;74
1319342;Zoning;10433858;20191109094846;W03-D-Hasselt-FH05;10433858;20191109094846;W03-D-Hasselt-FH05;23998;FTTH-Cu;;379899;20190709075247;;26300000;74
5751546;Zoning;10433858;20191109094846;W03-D-Hasselt-FH05;10433858;20191109094846;W03-D-Hasselt-FH05;23998;FTTH-Cu;;12658275;20190709075304;;26300000;74
4896914;Zoning;10433858;20191109094846;W03-D-Hasselt-FH05;10433858;20191109094846;W03-D-Hasselt-FH05;23998;FTTH-Cu;;398401;20190709075254;;26300000;74
4176413;Zoning;10433858;20191109094846;W03-D-Hasselt-FH05;10433858;20191109094846;W03-D-Hasselt-FH05;23998;FTTH-Cu;;395519;20190709075256;;26300000;74
2407039;Zoning;10433858;20191109094846;W03-D-Hasselt-FH05;10433858;20191109094846;W03-D-Hasselt-FH05;23998;FTTH-Cu;;381317;20190709075248;;26300000;74
2407041;Zoning;10433858;20191109094846;W03-D-Hasselt-FH05;10433858;20191109094846;W03-D-Hasselt-FH05;23998;FTTH-Cu;;381318;20190709075248;;26300000;74
2407043;Zoning;10433858;20191109094846;W03-D-Hasselt-FH05;10433858;20191109094846;W03-D-Hasselt-FH05;23998;FTTH-Cu;;381319;20190709075248;;26300000;74
5751544;Zoning;10433858;20191109094846;W03-D-Hasselt-FH05;10433858;20191109094846;W03-D-Hasselt-FH05;23998;FTTH-Cu;;10522570;20190709075252;;26300000;74
5431280;Zoning;10433858;20191109094846;W03-D-Hasselt-FH05;10433858;20191109094846;W03-D-Hasselt-FH05;23998;FTTH-Cu;;399108;20190709075255;;26300000;74
5778252;Zoning;10433858;20191109094846;W03-D-Hasselt-FH05;10433858;20191109094846;W03-D-Hasselt-FH05;23998;FTTH-Cu;;10522571;20190709075252;;26300000;74
6199761;Zoning;10433858;20191109094846;W03-D-Hasselt-FH05;10433858;20191109094846;W03-D-Hasselt-FH05;23998;FTTH-Cu;;12658276;20190709075304;;26300000;74
328567;Zoning;10433858;20191109094846;W03-D-Hasselt-FH05;10433858;20191109094846;W03-D-Hasselt-FH05;23998;FTTH-Cu;;394358;20190709075300;;26300000;35634
328571;Zoning;10433858;20191109094846;W03-D-Hasselt-FH05;10433858;20191109094846;W03-D-Hasselt-FH05;23998;FTTH-Cu;;394361;20190709075301;;26300000;35634
328575;Zoning;10433858;20191109094846;W03-D-Hasselt-FH05;10433858;20191109094846;W03-D-Hasselt-FH05;23998;FTTH-Cu;;394364;20190709075301;;26300000;35634
328573;Zoning;10433858;20191109094846;W03-D-Hasselt-FH05;10433858;20191109094846;W03-D-Hasselt-FH05;23998;FTTH-Cu;;394362;20190709075301;;26300000;35634
6353281;Zoning;10433858;20191109094846;W03-D-Hasselt-FH05;10433858;20191109094846;W03-D-Hasselt-FH05;23998;FTTH-Cu;;13419298;20190712011951;;26300000;35634
328570;Zoning;10433858;20191109094846;W03-D-Hasselt-FH05;10433858;20191109094846;W03-D-Hasselt-FH05;23998;FTTH-Cu;;394360;20190709075301;;26300000;35634
328574;Zoning;10433858;20191109094846;W03-D-Hasselt-FH05;10433858;20191109094846;W03-D-Hasselt-FH05;23998;FTTH-Cu;;394363;20190709075301;;26300000;35634
4896784;Zoning;10433858;20191109094846;W03-D-Hasselt-FH05;10433858;20191109094846;W03-D-Hasselt-FH05;23998;FTTH-Cu;;398389;20190709075253;;26300000;35634
328569;Zoning;10433858;20191109094846;W03-D-Hasselt-FH05;10433858;20191109094846;W03-D-Hasselt-FH05;23998;FTTH-Cu;;394359;20190709075300;;26300000;35634
2448942;Zoning;10433858;20191109094846;W03-D-Hasselt-FH05;10433858;20191109094846;W03-D-Hasselt-FH05;23998;FTTH-Cu;;392883;20190709075256;;26300000;35634
2448946;Zoning;10433858;20191109094846;W03-D-Hasselt-FH05;10433858;20191109094846;W03-D-Hasselt-FH05;23998;FTTH-Cu;;392884;20190709075256;;26300000;35634
2448949;Zoning;10433858;20191109094846;W03-D-Hasselt-FH05;10433858;20191109094846;W03-D-Hasselt-FH05;23998;FTTH-Cu;;392885;20190709075256;;26300000;35634
2448953;Zoning;10433858;20191109094846;W03-D-Hasselt-FH05;10433858;20191109094846;W03-D-Hasselt-FH05;23998;FTTH-Cu;;392886;20190709075257;;26300000;35634
2448957;Zoning;10433858;20191109094846;W03-D-Hasselt-FH05;10433858;20191109094846;W03-D-Hasselt-FH05;23998;FTTH-Cu;;392887;20190709075257;;26300000;35634
4215406;Zoning;10433858;20191109094846;W03-D-Hasselt-FH05;10433858;20191109094846;W03-D-Hasselt-FH05;23998;FTTH-Cu;;395813;20190709075253;;26300000;35634
2448961;Zoning;10433858;20191109094846;W03-D-Hasselt-FH05;10433858;20191109094846;W03-D-Hasselt-FH05;23998;FTTH-Cu;;392888;20190709075257;;26300000;35634
2448963;Zoning;10433858;20191109094846;W03-D-Hasselt-FH05;10433858;20191109094846;W03-D-Hasselt-FH05;23998;FTTH-Cu;;392889;20190709075257;;26300000;35634
2448966;Zoning;10433858;20191109094846;W03-D-Hasselt-FH05;10433858;20191109094846;W03-D-Hasselt-FH05;23998;FTTH-Cu;;392890;20190709075257;;26300000;35634
2448969;Zoning;10433858;20191109094846;W03-D-Hasselt-FH05;10433858;20191109094846;W03-D-Hasselt-FH05;23998;FTTH-Cu;;392891;20190709075257;;26300000;35634
4152416;Zoning;10433858;20191109094846;W03-D-Hasselt-FH05;10433858;20191109094846;W03-D-Hasselt-FH05;23998;FTTH-Cu;;395362;20190709075253;;26300000;35634
1516949;Zoning;10433858;20191109094846;W03-D-Hasselt-FH05;10433858;20191109094846;W03-D-Hasselt-FH05;23998;FTTH-Cu;;380549;20190709075247;;26300000;35634
2448974;Zoning;10433858;20191109094846;W03-D-Hasselt-FH05;10433858;20191109094846;W03-D-Hasselt-FH05;23998;FTTH-Cu;;392892;20190709075257;;26300000;35634
2448977;Zoning;10433858;20191109094846;W03-D-Hasselt-FH05;10433858;20191109094846;W03-D-Hasselt-FH05;23998;FTTH-Cu;;392893;20190709075257;;26300000;35634
4896791;Zoning;10433858;20191109094846;W03-D-Hasselt-FH05;10433858;20191109094846;W03-D-Hasselt-FH05;23998;FTTH-Cu;;398390;20190709075253;;26300000;35634
6019633;Zoning;10433858;20191109094846;W03-D-Hasselt-FH05;10433858;20191109094846;W03-D-Hasselt-FH05;23998;FTTH-Cu;;13419297;20190712011951;;26300000;35634
2448979;Zoning;10433858;20191109094846;W03-D-Hasselt-FH05;10433858;20191109094846;W03-D-Hasselt-FH05;23998;FTTH-Cu;;392894;20190709075257;;26300000;35634
2448980;Zoning;10433858;20191109094846;W03-D-Hasselt-FH05;10433858;20191109094846;W03-D-Hasselt-FH05;23998;FTTH-Cu;;392895;20190709075257;;26300000;35634
4232036;Zoning;10433858;20191109094846;W03-D-Hasselt-FH05;10433858;20191109094846;W03-D-Hasselt-FH05;23998;FTTH-Cu;;395940;20190709075256;;26300000;35634
6149157;Zoning;10433858;20191109094846;W03-D-Hasselt-FH05;10433858;20191109094846;W03-D-Hasselt-FH05;23998;FTTH-Cu;;13419296;20190712011951;;26300000;35634
2448981;Zoning;10433858;20191109094846;W03-D-Hasselt-FH05;10433858;20191109094846;W03-D-Hasselt-FH05;23998;FTTH-Cu;;392896;20190709075257;;26300000;35634
2448982;Zoning;10433858;20191109094846;W03-D-Hasselt-FH05;10433858;20191109094846;W03-D-Hasselt-FH05;23998;FTTH-Cu;;392897;20190709075257;;26300000;35634
4896825;Zoning;10433858;20191109094846;W03-D-Hasselt-FH05;10433858;20191109094846;W03-D-Hasselt-FH05;23998;FTTH-Cu;;398392;20190709075254;;26300000;35634
4896800;Zoning;10433858;20191109094846;W03-D-Hasselt-FH05;10433858;20191109094846;W03-D-Hasselt-FH05;23998;FTTH-Cu;;398391;20190709075253;;26300000;35634
2448983;Zoning;10433858;20191109094846;W03-D-Hasselt-FH05;10433858;20191109094846;W03-D-Hasselt-FH05;23998;FTTH-Cu;;392898;20190709075257;;26300000;35634
2448985;Zoning;10433858;20191109094846;W03-D-Hasselt-FH05;10433858;20191109094846;W03-D-Hasselt-FH05;23998;FTTH-Cu;;392899;20190709075257;;26300000;35634
