LAM MK;LU Key;BLOCK_NR;BLOCK_NR_LU
2763887;8337555;BL0501;BL0501
2763887;8337556;BL0501;BL0501
2763887;8341730;BL0501;BL0501
2763887;8346146;BL0501;BL0501
2763887;8350527;BL0501;BL0501
2763887;8355251;BL0501;BL0501
2763887;8355252;BL0501;BL0501
2763887;8355253;BL0501;BL0501
2763887;8359748;BL0501;BL0501
2763887;8359749;BL0501;BL0501
2763887;8359750;BL0501;BL0501
2763887;8364110;BL0501;BL0501
2763891;10557707;BL0501;BL0501
2763891;10557708;BL0501;BL0501
2763891;10557720;BL0501;BL0501
2763891;10557721;BL0501;BL0501
2763891;10557736;BL0501;BL0501
2763891;10557737;BL0501;BL0501
2763891;10557746;BL0501;BL0501
2763891;10557834;BL0501;BL0501
2763892;10557709;BL0501;BL0501
2763892;10557710;BL0501;BL0501
2763892;10557711;BL0501;BL0501
2763892;10557723;BL0501;BL0501
2763892;10557724;BL0501;BL0501
2763892;10557725;BL0501;BL0501
2763892;10557738;BL0501;BL0501
2763892;10557739;BL0501;BL0501
2763892;10557740;BL0501;BL0501
2763892;10557747;BL0501;BL0501
2763892;10557803;BL0501;BL0501
6148072;10935317;BL0501;BL0501
338488;8341092;BL0501;BL0501
338488;8345538;BL0501;BL0501
338488;8345539;BL0501;BL0501
338488;8345540;BL0501;BL0501
338488;8345541;BL0501;BL0501
338488;8345542;BL0501;BL0501
338488;8349941;BL0501;BL0501
338488;8354607;BL0501;BL0501
338488;8354608;BL0501;BL0501
338488;8359187;BL0501;BL0501
2765562;8334785;BL0501;BL0501
2765562;8339023;BL0501;BL0501
2765562;8347659;BL0501;BL0501
2765562;8356805;BL0501;BL0501
2765562;8361296;BL0501;BL0501
2765562;8365616;BL0501;BL0501
2765569;8351445;BL0501;BL0501
2765569;8351446;BL0501;BL0501
338491;8339523;BL0501;BL0501
338491;8343738;BL0501;BL0501
338491;8357386;BL0501;BL0501
6526789;11337745;BL0501;BL0501
289;8332196;BL0501;BL0501
289;8340596;BL0501;BL0501
289;8340597;BL0501;BL0501
289;8340598;BL0501;BL0501
289;8345058;BL0501;BL0501
289;8353613;BL0501;BL0501
289;8353614;BL0501;BL0501
2758620;8338534;BL0501;BL0501
2758620;8342667;BL0501;BL0501
2758620;8347147;BL0501;BL0501
2758620;8347148;BL0501;BL0501
2758620;8351464;BL0501;BL0501
2758620;8351465;BL0501;BL0501
2758620;8356288;BL0501;BL0501
2758620;8360747;BL0501;BL0501
338555;8335379;BL0501;BL0501
338555;8335380;BL0501;BL0501
338555;8348321;BL0501;BL0501
338555;8348322;BL0501;BL0501
338555;8352453;BL0501;BL0501
338555;8352454;BL0501;BL0501
338555;8357413;BL0501;BL0501
338555;8361885;BL0501;BL0501
338556;8339062;BL0501;BL0501
338556;8347685;BL0501;BL0501
338556;8347686;BL0501;BL0501
338556;8347687;BL0501;BL0501
338556;8351940;BL0501;BL0501
338556;8351941;BL0501;BL0501
338556;8356834;BL0501;BL0501
338556;8361332;BL0501;BL0501
338556;8361333;BL0501;BL0501
338556;8365658;BL0501;BL0501
338557;8338576;BL0501;BL0501
338557;8347169;BL0501;BL0501
338557;8347170;BL0501;BL0501
338557;8351491;BL0501;BL0501
338557;8351492;BL0501;BL0501
338557;8356325;BL0501;BL0501
338557;8360774;BL0501;BL0501
338557;8360775;BL0501;BL0501
338557;8365198;BL0501;BL0501
338557;8365199;BL0501;BL0501
338557;8365200;BL0501;BL0501
2758627;8343192;BL0501;BL0501
2758627;8347715;BL0501;BL0501
2758627;8356854;BL0501;BL0501
2758627;8356855;BL0501;BL0501
2758627;8365677;BL0501;BL0501
3939533;8334825;BL0501;BL0501
3939533;8347716;BL0501;BL0501
3939533;8361354;BL0501;BL0501
3939533;8361355;BL0501;BL0501
2758629;8347717;BL0501;BL0501
2758629;8347718;BL0501;BL0501
2758629;8361357;BL0501;BL0501
2758629;8361358;BL0501;BL0501
2758629;8365678;BL0501;BL0501
338535;8333283;BL0501;BL0501
338535;8333284;BL0501;BL0501
338535;8337499;BL0501;BL0501
338535;8350471;BL0501;BL0501
2768180;8332205;BL0501;BL0501
2768180;8340603;BL0501;BL0501
2768180;8349427;BL0501;BL0501
2768180;8349428;BL0501;BL0501
2768180;8358650;BL0501;BL0501
2768183;8348193;BL0501;BL0501
2768183;8361858;BL0501;BL0501
2768185;10551744;BL0501;BL0501
2768185;10553599;BL0501;BL0501
2768185;10553608;BL0501;BL0501
2768185;10553839;BL0501;BL0501
2768185;10554024;BL0501;BL0501
2768185;10554657;BL0501;BL0501
2768203;8333343;BL0501;BL0501
2768203;8333344;BL0501;BL0501
2768203;8333345;BL0501;BL0501
2768203;8333346;BL0501;BL0501
2768203;8333347;BL0501;BL0501
2768203;8333348;BL0501;BL0501
2768203;8333349;BL0501;BL0501
2768203;8337540;BL0501;BL0501
2768203;8337541;BL0501;BL0501
2768203;8337542;BL0501;BL0501
2768203;8337543;BL0501;BL0501
2768203;8337545;BL0501;BL0501
2768203;8337546;BL0501;BL0501
2768203;8337547;BL0501;BL0501
2768203;8341721;BL0501;BL0501
2768203;8341724;BL0501;BL0501
2768203;8346131;BL0501;BL0501
2768203;8346132;BL0501;BL0501
2768203;8346133;BL0501;BL0501
2768203;8346134;BL0501;BL0501
2768203;8346135;BL0501;BL0501
2768203;8346136;BL0501;BL0501
2768203;8346137;BL0501;BL0501
2768203;8346138;BL0501;BL0501
2768203;8346139;BL0501;BL0501
2768203;8350513;BL0501;BL0501
2768203;8350514;BL0501;BL0501
2768203;8350515;BL0501;BL0501
2768203;8350516;BL0501;BL0501
2768203;8350517;BL0501;BL0501
2768203;8350518;BL0501;BL0501
2768203;8350519;BL0501;BL0501
2768203;8350520;BL0501;BL0501
2768203;8355240;BL0501;BL0501
2768203;8355241;BL0501;BL0501
2768203;8355242;BL0501;BL0501
2768203;8355243;BL0501;BL0501
2768203;8355244;BL0501;BL0501
2768203;8359737;BL0501;BL0501
2768203;8359738;BL0501;BL0501
2768203;8359739;BL0501;BL0501
2768203;8359740;BL0501;BL0501
2768203;8359741;BL0501;BL0501
2768203;8359742;BL0501;BL0501
2768203;8364106;BL0501;BL0501
2768203;8364107;BL0501;BL0501
2768203;8364108;BL0501;BL0501
2768203;8364109;BL0501;BL0501
2768203;10554713;BL0501;BL0501
2768203;10557872;BL0501;BL0501
2768204;10556571;BL0501;BL0501
2768204;10557665;BL0501;BL0501
2768204;10557726;BL0501;BL0501
2768204;10557778;BL0501;BL0501
2768204;10557779;BL0501;BL0501
2768204;10557780;BL0501;BL0501
2768204;10557781;BL0501;BL0501
2768204;10557789;BL0501;BL0501
2768204;10557790;BL0501;BL0501
2768204;10557791;BL0501;BL0501
2768204;10557798;BL0501;BL0501
2768204;10557873;BL0501;BL0501
2768204;10557888;BL0501;BL0501
2768204;10557898;BL0501;BL0501
2763889;8336539;BL0502;BL0502
2763889;8336540;BL0502;BL0502
2763889;8336541;BL0502;BL0502
2763889;8336542;BL0502;BL0502
2763889;8336543;BL0502;BL0502
2763889;8336544;BL0502;BL0502
2763889;8340653;BL0502;BL0502
2763889;8345106;BL0502;BL0502
2763889;8349472;BL0502;BL0502
2763889;8353679;BL0502;BL0502
2763889;8353680;BL0502;BL0502
2763889;8353681;BL0502;BL0502
2763889;8353682;BL0502;BL0502
2763889;8358699;BL0502;BL0502
2763889;8358700;BL0502;BL0502
2763889;8363039;BL0502;BL0502
2763889;8363040;BL0502;BL0502
2763889;8363041;BL0502;BL0502
4038434;11337767;BL0502;BL0502
338540;8333841;BL0502;BL0502
338540;8338060;BL0502;BL0502
338540;8338061;BL0502;BL0502
338540;8351008;BL0502;BL0502
338540;8355806;BL0502;BL0502
338540;8355807;BL0502;BL0502
338540;8364666;BL0502;BL0502
338540;8364667;BL0502;BL0502
338541;8334334;BL0502;BL0502
338541;8334335;BL0502;BL0502
338541;8334336;BL0502;BL0502
338541;8338582;BL0502;BL0502
338541;8338583;BL0502;BL0502
338541;8342708;BL0502;BL0502
338541;8342709;BL0502;BL0502
338541;8356331;BL0502;BL0502
338541;8356332;BL0502;BL0502
338541;8356333;BL0502;BL0502
338541;8360785;BL0502;BL0502
338541;8360786;BL0502;BL0502
338541;8360787;BL0502;BL0502
338541;8365210;BL0502;BL0502
338541;8365211;BL0502;BL0502
338541;8365212;BL0502;BL0502
338559;11337652;BL0502;BL0502
2758631;8331672;BL0502;BL0502
2758631;8335944;BL0502;BL0502
2758631;8340054;BL0502;BL0502
2758631;8344462;BL0502;BL0502
2758631;8344463;BL0502;BL0502
2758631;8344464;BL0502;BL0502
2758631;8353013;BL0502;BL0502
2758631;8358076;BL0502;BL0502
2758631;8362384;BL0502;BL0502
2758634;8334358;BL0502;BL0502
2758634;8334359;BL0502;BL0502
2758634;8338610;BL0502;BL0502
2758634;8338611;BL0502;BL0502
2758634;8338612;BL0502;BL0502
2758634;8342730;BL0502;BL0502
2758634;8347207;BL0502;BL0502
2758634;8347208;BL0502;BL0502
2758634;8347209;BL0502;BL0502
2758634;8351525;BL0502;BL0502
2758634;8351526;BL0502;BL0502
2758634;8356364;BL0502;BL0502
2758634;8360818;BL0502;BL0502
2758634;8360819;BL0502;BL0502
2758634;8360820;BL0502;BL0502
2758634;8365240;BL0502;BL0502
2758634;8365241;BL0502;BL0502
2758634;8365242;BL0502;BL0502
2758634;8365243;BL0502;BL0502
2758635;8335058;BL0502;BL0502
2758635;8335059;BL0502;BL0502
2758635;8335060;BL0502;BL0502
2758635;8335061;BL0502;BL0502
2758635;8339333;BL0502;BL0502
2758635;8339334;BL0502;BL0502
2758635;8343488;BL0502;BL0502
2758635;8343489;BL0502;BL0502
2758635;8347964;BL0502;BL0502
2758635;8352178;BL0502;BL0502
2758635;8352179;BL0502;BL0502
2758635;8357128;BL0502;BL0502
2758635;8357129;BL0502;BL0502
2758635;8357130;BL0502;BL0502
2758635;8357131;BL0502;BL0502
2758635;8361607;BL0502;BL0502
2758635;8361608;BL0502;BL0502
2758635;8361609;BL0502;BL0502
2758635;8361610;BL0502;BL0502
2758635;8365928;BL0502;BL0502
2758635;8365929;BL0502;BL0502
2758635;8365930;BL0502;BL0502
2758635;8365931;BL0502;BL0502
2758635;8365932;BL0502;BL0502
2758639;11337647;BL0502;BL0502
2758640;8334593;BL0502;BL0502
2758640;8338835;BL0502;BL0502
2758640;8342942;BL0502;BL0502
2758640;8342943;BL0502;BL0502
2758640;8347457;BL0502;BL0502
2758640;8351735;BL0502;BL0502
2758640;8351736;BL0502;BL0502
2758640;8356596;BL0502;BL0502
2758640;8361069;BL0502;BL0502
2758640;8361070;BL0502;BL0502
2758641;8338318;BL0502;BL0502
2758641;8351229;BL0502;BL0502
2758641;8351230;BL0502;BL0502
2758641;8351231;BL0502;BL0502
2758641;8364935;BL0502;BL0502
2758642;8331358;BL0502;BL0502
2758642;8331359;BL0502;BL0502
2758642;8335646;BL0502;BL0502
2758642;8335647;BL0502;BL0502
2758642;8339794;BL0502;BL0502
2758642;8348574;BL0502;BL0502
2758642;8352733;BL0502;BL0502
2758642;8352734;BL0502;BL0502
2758642;8357804;BL0502;BL0502
2758642;8357805;BL0502;BL0502
2758642;8362122;BL0502;BL0502
2758642;8362123;BL0502;BL0502
337188;11337644;BL0502;BL0502
4347645;11337606;BL0502;BL0502
338538;11337604;BL0502;BL0502
2768208;8335423;BL0502;BL0502
2768208;8335424;BL0502;BL0502
2768208;8335425;BL0502;BL0502
2768208;8339582;BL0502;BL0502
2768208;8343807;BL0502;BL0502
2768208;8357452;BL0502;BL0502
2768208;8361928;BL0502;BL0502
2768208;8366215;BL0502;BL0502
2768208;8366216;BL0502;BL0502
2768211;8334355;BL0502;BL0502
2768211;8334356;BL0502;BL0502
2768211;8338606;BL0502;BL0502
2768211;8338607;BL0502;BL0502
2768211;8342727;BL0502;BL0502
2768211;8342728;BL0502;BL0502
2768211;8347204;BL0502;BL0502
2768211;8347205;BL0502;BL0502
2768211;8351521;BL0502;BL0502
2768211;8351522;BL0502;BL0502
2768211;8351523;BL0502;BL0502
2768211;8351524;BL0502;BL0502
2768211;8356360;BL0502;BL0502
2768211;8356361;BL0502;BL0502
2768211;8365237;BL0502;BL0502
2768215;8333372;BL0502;BL0502
2768215;8337572;BL0502;BL0502
2768215;8341745;BL0502;BL0502
2768215;8346176;BL0502;BL0502
2768215;8346177;BL0502;BL0502
2768215;8346178;BL0502;BL0502
2768215;8346179;BL0502;BL0502
2768215;8350543;BL0502;BL0502
2768215;8355290;BL0502;BL0502
2768215;8355291;BL0502;BL0502
2768215;8359772;BL0502;BL0502
2768215;8359773;BL0502;BL0502
2768215;8359774;BL0502;BL0502
2768215;8359775;BL0502;BL0502
2768215;8359776;BL0502;BL0502
2768218;8334360;BL0502;BL0502
2768218;8334361;BL0502;BL0502
2768218;8342731;BL0502;BL0502
2768218;8347210;BL0502;BL0502
2768218;8347211;BL0502;BL0502
2768218;8347212;BL0502;BL0502
2768218;8356365;BL0502;BL0502
337216;8336566;BL0502;BL0502
337216;8340664;BL0502;BL0502
337216;8353704;BL0502;BL0502
337214;11337499;BL0503;BL0503
2758098;8355540;BL0503;BL0503
2758098;8355541;BL0503;BL0503
2758098;8355542;BL0503;BL0503
4345831;8333602;BL0503;BL0503
4345831;8333603;BL0503;BL0503
4345831;8333604;BL0503;BL0503
4345831;8333605;BL0503;BL0503
337213;8335652;BL0503;BL0503
337213;8357814;BL0503;BL0503
337213;8362129;BL0503;BL0503
337212;8335651;BL0503;BL0503
337212;10556846;BL0503;BL0503
337212;10556877;BL0503;BL0503
337212;10557341;BL0503;BL0503
337212;10557645;BL0503;BL0503
337210;8338837;BL0503;BL0503
337210;8342945;BL0503;BL0503
337210;8356597;BL0503;BL0503
337210;8356598;BL0503;BL0503
337210;8356599;BL0503;BL0503
337210;8361072;BL0503;BL0503
337210;8361073;BL0503;BL0503
337210;8361074;BL0503;BL0503
337193;8334604;BL0503;BL0503
337193;8334605;BL0503;BL0503
337193;8338854;BL0503;BL0503
337193;8342959;BL0503;BL0503
337193;8342960;BL0503;BL0503
337193;8347474;BL0503;BL0503
337193;8356620;BL0503;BL0503
337193;8361092;BL0503;BL0503
337193;8361093;BL0503;BL0503
337192;8332500;BL0503;BL0503
337192;8332501;BL0503;BL0503
337192;8354389;BL0503;BL0503
337192;8358976;BL0503;BL0503
337192;8358977;BL0503;BL0503
337192;8358978;BL0503;BL0503
337192;8363279;BL0503;BL0503
337192;8363280;BL0503;BL0503
337187;8331983;BL0503;BL0503
337187;8340401;BL0503;BL0503
337187;8344861;BL0503;BL0503
337187;8349210;BL0503;BL0503
337187;8353400;BL0503;BL0503
337187;8358448;BL0503;BL0503
337187;8362783;BL0503;BL0503
337215;11337559;BL0503;BL0503
2768221;10556188;BL0503;BL0503
2768221;10556192;BL0503;BL0503
2768225;8332468;BL0503;BL0503
2768225;8340867;BL0503;BL0503
2768225;8345310;BL0503;BL0503
2768225;8349691;BL0503;BL0503
2768225;8354360;BL0503;BL0503
2768225;8358955;BL0503;BL0503
2768225;8358956;BL0503;BL0503
2768225;8363247;BL0503;BL0503
4345837;11337547;BL0503;BL0503
2768227;8337819;BL0503;BL0503
2768227;8337820;BL0503;BL0503
2768227;8337821;BL0503;BL0503
2768227;8337822;BL0503;BL0503
2768227;8342947;BL0503;BL0503
2768227;8342948;BL0503;BL0503
2768227;8342949;BL0503;BL0503
2768229;8331365;BL0503;BL0503
2768229;8335653;BL0503;BL0503
2768229;8348580;BL0503;BL0503
2768229;8352739;BL0503;BL0503
2768231;8341411;BL0503;BL0503
2768231;8363812;BL0503;BL0503
2768231;8363813;BL0503;BL0503
2758779;8342977;BL0504;BL0504
2758779;8347488;BL0504;BL0504
2758779;8351768;BL0504;BL0504
2758779;8356635;BL0504;BL0504
2758780;8361655;BL0504;BL0504
2758781;8357190;BL0504;BL0504
2758781;8357191;BL0504;BL0504
2758782;8335119;BL0504;BL0504
2758782;8335120;BL0504;BL0504
2758782;8335121;BL0504;BL0504
2758782;8335122;BL0504;BL0504
2758782;8335123;BL0504;BL0504
2758784;8333050;BL0504;BL0504
2758784;8345866;BL0504;BL0504
2758784;8350251;BL0504;BL0504
2758784;8350252;BL0504;BL0504
2758784;8359492;BL0504;BL0504
2758784;8363821;BL0504;BL0504
2758784;8363822;BL0504;BL0504
2758785;8336294;BL0504;BL0504
2758785;8349236;BL0504;BL0504
2758785;8358479;BL0504;BL0504
72445;8358480;BL0504;BL0504
72445;8358481;BL0504;BL0504
72445;8358482;BL0504;BL0504
72444;8338336;BL0504;BL0504
72444;8351240;BL0504;BL0504
72444;8351241;BL0504;BL0504
72444;8356083;BL0504;BL0504
72444;8360513;BL0504;BL0504
72448;8336803;BL0504;BL0504
72448;8336804;BL0504;BL0504
72448;8345355;BL0504;BL0504
72448;8349749;BL0504;BL0504
72448;8349750;BL0504;BL0504
72448;8354404;BL0504;BL0504
72448;8363297;BL0504;BL0504
72448;8363298;BL0504;BL0504
2764308;10553523;BL0504;BL0504
2764308;10553946;BL0504;BL0504
2764308;10556302;BL0504;BL0504
2764308;10556362;BL0504;BL0504
2764308;10556421;BL0504;BL0504
2764308;10556463;BL0504;BL0504
2764308;10556464;BL0504;BL0504
2764308;10557149;BL0504;BL0504
2764312;8334616;BL0504;BL0504
2764312;8338866;BL0504;BL0504
2764312;8347489;BL0504;BL0504
2764312;8356636;BL0504;BL0504
2764312;8361110;BL0504;BL0504
2764312;8361111;BL0504;BL0504
2764312;8365482;BL0504;BL0504
4347728;8359507;BL0504;BL0504
4347728;8359508;BL0504;BL0504
4347728;8359509;BL0504;BL0504
4347728;8359510;BL0504;BL0504
2764315;8332026;BL0504;BL0504
2764315;8332027;BL0504;BL0504
2764315;8349256;BL0504;BL0504
2764315;8353443;BL0504;BL0504
2764315;8353444;BL0504;BL0504
2764315;8353445;BL0504;BL0504
2764315;8358499;BL0504;BL0504
2764315;8362824;BL0504;BL0504
4070898;8345886;BL0504;BL0504
4070898;8354958;BL0504;BL0504
4070898;8363842;BL0504;BL0504
4070898;8363843;BL0504;BL0504
4070898;10555534;BL0504;BL0504
72433;8332469;BL0504;BL0504
72433;8332470;BL0504;BL0504
72433;8332471;BL0504;BL0504
72433;8332472;BL0504;BL0504
72433;8332473;BL0504;BL0504
72433;8336749;BL0504;BL0504
72433;8336750;BL0504;BL0504
72433;8340868;BL0504;BL0504
72433;8340869;BL0504;BL0504
72433;8340870;BL0504;BL0504
72433;8340871;BL0504;BL0504
72433;8340872;BL0504;BL0504
72433;8340873;BL0504;BL0504
72433;8345311;BL0504;BL0504
72433;8345312;BL0504;BL0504
72433;8349692;BL0504;BL0504
72433;8349693;BL0504;BL0504
72433;8349694;BL0504;BL0504
72433;8349695;BL0504;BL0504
72433;8349696;BL0504;BL0504
72433;8349697;BL0504;BL0504
72433;8349698;BL0504;BL0504
72433;8354361;BL0504;BL0504
72433;8354362;BL0504;BL0504
72433;8354363;BL0504;BL0504
72433;8354364;BL0504;BL0504
72433;8354365;BL0504;BL0504
72433;8358957;BL0504;BL0504
72433;8363248;BL0504;BL0504
72433;8363249;BL0504;BL0504
72433;8363250;BL0504;BL0504
72430;8333046;BL0504;BL0504
72430;8333047;BL0504;BL0504
72430;8333048;BL0504;BL0504
72430;8337275;BL0504;BL0504
72430;8341408;BL0504;BL0504
72430;8341409;BL0504;BL0504
72430;8341410;BL0504;BL0504
72430;8345860;BL0504;BL0504
72430;8345861;BL0504;BL0504
72430;8345862;BL0504;BL0504
72430;8350242;BL0504;BL0504
72430;8350243;BL0504;BL0504
72430;8350244;BL0504;BL0504
72430;8350245;BL0504;BL0504
72430;8350246;BL0504;BL0504
72430;8354937;BL0504;BL0504
72430;8359480;BL0504;BL0504
72430;8363811;BL0504;BL0504
3939531;8332003;BL0504;BL0504
3939531;8336288;BL0504;BL0504
3939531;8340415;BL0504;BL0504
3939531;8349228;BL0504;BL0504
3939531;8349229;BL0504;BL0504
3939531;8353418;BL0504;BL0504
3939531;8353419;BL0504;BL0504
3939531;8358464;BL0504;BL0504
3939531;8362794;BL0504;BL0504
2758530;11337716;BL0504;BL0504
2758533;8333049;BL0504;BL0504
2758533;8337280;BL0504;BL0504
2758533;8337281;BL0504;BL0504
2758533;8337282;BL0504;BL0504
2758533;8337283;BL0504;BL0504
2758533;8341415;BL0504;BL0504
2758533;8341416;BL0504;BL0504
2758533;8341417;BL0504;BL0504
2758533;8341418;BL0504;BL0504
2758533;8341419;BL0504;BL0504
2758533;8341420;BL0504;BL0504
2758533;8350250;BL0504;BL0504
2758533;8359487;BL0504;BL0504
2758533;8359488;BL0504;BL0504
2758533;8359489;BL0504;BL0504
2758533;8359490;BL0504;BL0504
2758533;8359491;BL0504;BL0504
2758533;8363819;BL0504;BL0504
2758533;8363820;BL0504;BL0504
2758535;11337713;BL0504;BL0504
2758537;11337711;BL0504;BL0504
72428;8332010;BL0504;BL0504
72428;8358475;BL0504;BL0504
72428;8362800;BL0504;BL0504
72428;8362801;BL0504;BL0504
1297112;8335104;BL0504;BL0504
1297112;8339370;BL0504;BL0504
1297112;8339371;BL0504;BL0504
1297112;8339372;BL0504;BL0504
1297112;8343524;BL0504;BL0504
1297112;8343525;BL0504;BL0504
1297112;8343526;BL0504;BL0504
1297112;8347989;BL0504;BL0504
1297112;8347990;BL0504;BL0504
1297112;8347991;BL0504;BL0504
1297112;8347992;BL0504;BL0504
1297112;8352216;BL0504;BL0504
1297112;8365965;BL0504;BL0504
1297112;8365966;BL0504;BL0504
72434;8335105;BL0504;BL0504
72434;8335106;BL0504;BL0504
72434;8335107;BL0504;BL0504
72434;8335108;BL0504;BL0504
72434;8339373;BL0504;BL0504
72434;8339374;BL0504;BL0504
72434;8343530;BL0504;BL0504
72434;8343531;BL0504;BL0504
72434;8343532;BL0504;BL0504
72434;8343533;BL0504;BL0504
72434;8347993;BL0504;BL0504
72434;8347994;BL0504;BL0504
72434;8347995;BL0504;BL0504
72434;8347996;BL0504;BL0504
72434;8347997;BL0504;BL0504
72434;8352220;BL0504;BL0504
72434;8352221;BL0504;BL0504
72434;8352222;BL0504;BL0504
72434;8352223;BL0504;BL0504
72434;8357168;BL0504;BL0504
72434;8357169;BL0504;BL0504
72434;8357170;BL0504;BL0504
72434;8361643;BL0504;BL0504
72434;8361644;BL0504;BL0504
72434;8361645;BL0504;BL0504
72434;8361646;BL0504;BL0504
72434;8365968;BL0504;BL0504
72434;8365969;BL0504;BL0504
72434;8365970;BL0504;BL0504
2768223;8332523;BL0504;BL0504
2768223;8332524;BL0504;BL0504
2768223;8332525;BL0504;BL0504
2768223;8336801;BL0504;BL0504
2768223;8340907;BL0504;BL0504
2768223;8340908;BL0504;BL0504
2768223;8349748;BL0504;BL0504
2768223;8358995;BL0504;BL0504
2768223;8363296;BL0504;BL0504
72436;8343216;BL0505;BL0505
72437;8348848;BL0505;BL0505
72437;8358086;BL0505;BL0505
6524118;11337751;BL0505;BL0505
72442;11337769;BL0505;BL0505
2763787;11337802;BL0505;BL0505
72440;11337804;BL0505;BL0505
2763790;8346180;BL0505;BL0505
2763790;8350544;BL0505;BL0505
2763790;8355293;BL0505;BL0505
2763790;8364131;BL0505;BL0505
2763791;8333880;BL0505;BL0505
2763791;8346669;BL0505;BL0505
2763791;8346670;BL0505;BL0505
2763791;8346671;BL0505;BL0505
2763791;8351028;BL0505;BL0505
2763791;8360266;BL0505;BL0505
2763791;8364714;BL0505;BL0505
3939623;8334362;BL0505;BL0505
3939623;8347213;BL0505;BL0505
3939623;8360821;BL0505;BL0505
3939623;8365244;BL0505;BL0505
2763793;8338099;BL0505;BL0505
2763793;8342223;BL0505;BL0505
2763793;8346672;BL0505;BL0505
2763793;8355848;BL0505;BL0505
2763793;8360267;BL0505;BL0505
2763793;8362782;BL0505;BL0505
72441;8333581;BL0505;BL0505
72441;8333582;BL0505;BL0505
72441;8333583;BL0505;BL0505
72441;8337814;BL0505;BL0505
72441;8337815;BL0505;BL0505
72441;8341957;BL0505;BL0505
72441;8341958;BL0505;BL0505
72441;8346393;BL0505;BL0505
72441;8350729;BL0505;BL0505
72441;8350730;BL0505;BL0505
72441;8350731;BL0505;BL0505
72441;8355527;BL0505;BL0505
72441;8355528;BL0505;BL0505
72441;8355529;BL0505;BL0505
72441;8355530;BL0505;BL0505
72441;8355531;BL0505;BL0505
72441;8359976;BL0505;BL0505
72441;8359977;BL0505;BL0505
72441;8359978;BL0505;BL0505
72441;8359979;BL0505;BL0505
72441;8364369;BL0505;BL0505
72441;8364370;BL0505;BL0505
72441;8364371;BL0505;BL0505
72431;8332464;BL0505;BL0505
72431;8332465;BL0505;BL0505
72431;8332466;BL0505;BL0505
2758528;8335056;BL0505;BL0505
2758528;8335057;BL0505;BL0505
2758528;8352177;BL0505;BL0505
2758528;8365926;BL0505;BL0505
2758528;8365927;BL0505;BL0505
4347755;8348575;BL0505;BL0505
4347755;8357807;BL0505;BL0505
4347755;10553602;BL0505;BL0505
4347755;10553836;BL0505;BL0505
2758531;8331360;BL0505;BL0505
2758531;8344171;BL0505;BL0505
2758531;8362126;BL0505;BL0505
2758531;8362127;BL0505;BL0505
2758534;8333584;BL0505;BL0505
72435;8337251;BL0505;BL0505
72435;8337252;BL0505;BL0505
72435;8337253;BL0505;BL0505
72435;8337254;BL0505;BL0505
72435;8337255;BL0505;BL0505
72432;8333014;BL0505;BL0505
72432;8333015;BL0505;BL0505
72432;8333016;BL0505;BL0505
72432;8337256;BL0505;BL0505
72432;8337257;BL0505;BL0505
72432;8337258;BL0505;BL0505
72432;8337259;BL0505;BL0505
72432;8337260;BL0505;BL0505
72432;8341378;BL0505;BL0505
72432;8341379;BL0505;BL0505
72432;8341380;BL0505;BL0505
72432;8341381;BL0505;BL0505
72432;8341382;BL0505;BL0505
72432;8345826;BL0505;BL0505
72432;8345827;BL0505;BL0505
72432;8350222;BL0505;BL0505
72432;8350223;BL0505;BL0505
72432;8350224;BL0505;BL0505
72432;8350225;BL0505;BL0505
72432;8354912;BL0505;BL0505
72432;8354913;BL0505;BL0505
72432;8354914;BL0505;BL0505
72432;8354915;BL0505;BL0505
72432;8354916;BL0505;BL0505
72432;8354917;BL0505;BL0505
72432;8354918;BL0505;BL0505
72432;8354919;BL0505;BL0505
72432;8359445;BL0505;BL0505
72432;8363775;BL0505;BL0505
72432;8363776;BL0505;BL0505
72432;8363777;BL0505;BL0505
72432;8363778;BL0505;BL0505
5579292;11337674;BL0505;BL0505
2758544;11337672;BL0505;BL0505
2758547;8335100;BL0505;BL0505
2758547;8343521;BL0505;BL0505
2758547;8352212;BL0505;BL0505
2758547;8357162;BL0505;BL0505
2758549;8336778;BL0505;BL0505
2758549;8345336;BL0505;BL0505
2758549;8349725;BL0505;BL0505
2758549;8354385;BL0505;BL0505
2758549;8358973;BL0505;BL0505
72418;11337593;BL0505;BL0505
72419;8333017;BL0505;BL0505
72419;8333018;BL0505;BL0505
72419;8333019;BL0505;BL0505
72419;8333020;BL0505;BL0505
72419;8337261;BL0505;BL0505
72419;8337262;BL0505;BL0505
72419;8341383;BL0505;BL0505
72419;8341384;BL0505;BL0505
72419;8341385;BL0505;BL0505
72419;8345828;BL0505;BL0505
72419;8345829;BL0505;BL0505
72419;8345830;BL0505;BL0505
72419;8345831;BL0505;BL0505
72419;8345832;BL0505;BL0505
72419;8345833;BL0505;BL0505
72419;8345834;BL0505;BL0505
72419;8350226;BL0505;BL0505
72419;8350227;BL0505;BL0505
72419;8350228;BL0505;BL0505
72419;8350229;BL0505;BL0505
72419;8350230;BL0505;BL0505
72419;8354920;BL0505;BL0505
72419;8354921;BL0505;BL0505
72419;8354922;BL0505;BL0505
72419;8359446;BL0505;BL0505
72419;8359447;BL0505;BL0505
72419;8359448;BL0505;BL0505
72419;8359449;BL0505;BL0505
72419;8359450;BL0505;BL0505
72419;8363779;BL0505;BL0505
72419;8363780;BL0505;BL0505
72419;8363781;BL0505;BL0505
2768216;11337585;BL0505;BL0505
72421;11337577;BL0505;BL0505
72423;8332498;BL0505;BL0505
72423;8332499;BL0505;BL0505
72423;8336779;BL0505;BL0505
72423;8340888;BL0505;BL0505
72423;8340889;BL0505;BL0505
72423;8340890;BL0505;BL0505
72423;8340891;BL0505;BL0505
72423;8345337;BL0505;BL0505
72423;8345338;BL0505;BL0505
72423;8345339;BL0505;BL0505
72423;8349726;BL0505;BL0505
72423;8349727;BL0505;BL0505
72423;8354386;BL0505;BL0505
72423;8354387;BL0505;BL0505
72423;8354388;BL0505;BL0505
72423;8358974;BL0505;BL0505
72423;8358975;BL0505;BL0505
72423;8363276;BL0505;BL0505
72423;8363277;BL0505;BL0505
72423;8363278;BL0505;BL0505
1024244;8333356;BL0506;BL0506
1024244;8333357;BL0506;BL0506
1024244;8337557;BL0506;BL0506
1024244;8341733;BL0506;BL0506
1024244;8346149;BL0506;BL0506
1024244;8346150;BL0506;BL0506
1024244;8350528;BL0506;BL0506
1024244;8350529;BL0506;BL0506
1024244;8355271;BL0506;BL0506
1024244;8355272;BL0506;BL0506
1024244;8359751;BL0506;BL0506
1024244;8359752;BL0506;BL0506
1024244;8359753;BL0506;BL0506
1024244;8359754;BL0506;BL0506
1024244;8364111;BL0506;BL0506
336632;8332801;BL0506;BL0506
336632;8332802;BL0506;BL0506
336632;8332803;BL0506;BL0506
336632;8332804;BL0506;BL0506
336632;8337054;BL0506;BL0506
336632;8341161;BL0506;BL0506
336632;8345605;BL0506;BL0506
336632;8345606;BL0506;BL0506
336632;8345607;BL0506;BL0506
336632;8350013;BL0506;BL0506
336632;8350014;BL0506;BL0506
336632;8354676;BL0506;BL0506
336632;8359233;BL0506;BL0506
336632;8363559;BL0506;BL0506
336632;8363560;BL0506;BL0506
336633;8333350;BL0506;BL0506
336633;8333351;BL0506;BL0506
336633;8337551;BL0506;BL0506
336633;8337552;BL0506;BL0506
336633;8341726;BL0506;BL0506
336633;8346140;BL0506;BL0506
336633;8346141;BL0506;BL0506
336633;8346142;BL0506;BL0506
336633;8350521;BL0506;BL0506
336633;8350522;BL0506;BL0506
336633;8350523;BL0506;BL0506
336633;8355246;BL0506;BL0506
336633;8355247;BL0506;BL0506
336633;8355248;BL0506;BL0506
336633;8355249;BL0506;BL0506
336633;8359745;BL0506;BL0506
1273698;8343191;BL0506;BL0506
1273698;8347714;BL0506;BL0506
1273698;8361351;BL0506;BL0506
1273698;8361352;BL0506;BL0506
1273698;8361353;BL0506;BL0506
1273698;8365676;BL0506;BL0506
2759181;11337574;BL0506;BL0506
2759181;11337575;BL0506;BL0506
336629;8333328;BL0506;BL0506
336629;8333329;BL0506;BL0506
336629;8333330;BL0506;BL0506
2759183;8332796;BL0506;BL0506
2759183;8332797;BL0506;BL0506
2759183;8332798;BL0506;BL0506
2759183;8332799;BL0506;BL0506
2759183;8332800;BL0506;BL0506
2759183;8337050;BL0506;BL0506
2759183;8337051;BL0506;BL0506
2759183;8341159;BL0506;BL0506
2759183;8341160;BL0506;BL0506
2759183;8345601;BL0506;BL0506
2759183;8345603;BL0506;BL0506
2759183;8345604;BL0506;BL0506
2759183;8350007;BL0506;BL0506
2759183;8350008;BL0506;BL0506
2759183;8350009;BL0506;BL0506
2759183;8350010;BL0506;BL0506
2759183;8354671;BL0506;BL0506
2759183;8354672;BL0506;BL0506
2759183;8354673;BL0506;BL0506
2759183;8359231;BL0506;BL0506
2759183;8359232;BL0506;BL0506
2759183;8363554;BL0506;BL0506
2759183;8363555;BL0506;BL0506
2759183;8363556;BL0506;BL0506
2759183;8363557;BL0506;BL0506
2759183;8363558;BL0506;BL0506
2759183;10552586;BL0506;BL0506
2759186;11337578;BL0506;BL0506
2759186;11337579;BL0506;BL0506
2759186;11337580;BL0506;BL0506
2759186;11337581;BL0506;BL0506
2759186;11337582;BL0506;BL0506
2759186;11337583;BL0506;BL0506
2759186;11337584;BL0506;BL0506
336630;8332235;BL0506;BL0506
336630;8332236;BL0506;BL0506
336630;8336520;BL0506;BL0506
336630;8336521;BL0506;BL0506
336630;8340630;BL0506;BL0506
336630;8353651;BL0506;BL0506
336630;8363022;BL0506;BL0506
336806;11337586;BL0506;BL0506
336806;11337587;BL0506;BL0506
336806;11337588;BL0506;BL0506
336806;11337589;BL0506;BL0506
336806;11337590;BL0506;BL0506
336806;11337591;BL0506;BL0506
336806;11337592;BL0506;BL0506
336809;8333817;BL0506;BL0506
336809;8333818;BL0506;BL0506
336809;8333819;BL0506;BL0506
336809;8333820;BL0506;BL0506
336809;8338026;BL0506;BL0506
336809;8338027;BL0506;BL0506
336809;8342167;BL0506;BL0506
336809;8342168;BL0506;BL0506
336809;8342169;BL0506;BL0506
336809;8346625;BL0506;BL0506
336809;8350982;BL0506;BL0506
336809;8350983;BL0506;BL0506
336809;8355785;BL0506;BL0506
336809;8355786;BL0506;BL0506
336809;8355787;BL0506;BL0506
336809;8360219;BL0506;BL0506
336809;8360220;BL0506;BL0506
336809;8360221;BL0506;BL0506
336809;8360222;BL0506;BL0506
336809;8364635;BL0506;BL0506
336809;8364636;BL0506;BL0506
336809;8364637;BL0506;BL0506
336810;8337030;BL0506;BL0506
336810;8341122;BL0506;BL0506
336810;8345560;BL0506;BL0506
336810;8349975;BL0506;BL0506
336810;8349976;BL0506;BL0506
336815;8335373;BL0506;BL0506
336815;8339545;BL0506;BL0506
336815;8339546;BL0506;BL0506
336815;8339547;BL0506;BL0506
336815;8339548;BL0506;BL0506
336815;8343768;BL0506;BL0506
336815;8343769;BL0506;BL0506
336815;8357406;BL0506;BL0506
336815;8361880;BL0506;BL0506
336815;8366166;BL0506;BL0506
5579339;11337607;BL0506;BL0506
5579339;11337608;BL0506;BL0506
5579339;11337609;BL0506;BL0506
5579339;11337610;BL0506;BL0506
5579339;11337611;BL0506;BL0506
5579339;11337612;BL0506;BL0506
5579339;11337613;BL0506;BL0506
5579339;11337614;BL0506;BL0506
5579339;11337615;BL0506;BL0506
5579339;11337616;BL0506;BL0506
6462591;11337617;BL0506;BL0506
2759240;8334802;BL0506;BL0506
2759240;8339055;BL0506;BL0506
2759240;8339056;BL0506;BL0506
2759240;8343172;BL0506;BL0506
2759240;8343173;BL0506;BL0506
2759240;8351933;BL0506;BL0506
2759240;8351934;BL0506;BL0506
2759240;8351935;BL0506;BL0506
2759240;8356827;BL0506;BL0506
2759240;8365649;BL0506;BL0506
2759240;8365650;BL0506;BL0506
2759244;11337619;BL0506;BL0506
2759244;11337620;BL0506;BL0506
2759247;11337621;BL0506;BL0506
2759249;8334803;BL0506;BL0506
2759249;8339057;BL0506;BL0506
2759249;8343174;BL0506;BL0506
2759249;8356828;BL0506;BL0506
2759249;8356829;BL0506;BL0506
2759249;8361326;BL0506;BL0506
2759249;8361327;BL0506;BL0506
2759249;8365651;BL0506;BL0506
2759249;8365652;BL0506;BL0506
2759249;8365653;BL0506;BL0506
2759249;8365654;BL0506;BL0506
2759253;11337623;BL0506;BL0506
2759253;11337624;BL0506;BL0506
2759253;11337625;BL0506;BL0506
2759253;11337626;BL0506;BL0506
2759253;11337627;BL0506;BL0506
2759253;11337628;BL0506;BL0506
2759253;11337629;BL0506;BL0506
2759253;11337630;BL0506;BL0506
2759253;11337631;BL0506;BL0506
2759253;11337632;BL0506;BL0506
2759253;11337633;BL0506;BL0506
2759255;8332781;BL0506;BL0506
2759255;8341144;BL0506;BL0506
2759255;8345575;BL0506;BL0506
2759255;8345576;BL0506;BL0506
2759255;8345577;BL0506;BL0506
2759255;8349990;BL0506;BL0506
2759255;8354654;BL0506;BL0506
2759255;8354655;BL0506;BL0506
2759255;8354656;BL0506;BL0506
2759255;8359218;BL0506;BL0506
2759255;8359219;BL0506;BL0506
2759255;8359220;BL0506;BL0506
2759260;11337634;BL0506;BL0506
2759260;11337635;BL0506;BL0506
2759260;11337636;BL0506;BL0506
2759260;11337637;BL0506;BL0506
2759260;11337638;BL0506;BL0506
2759260;11337639;BL0506;BL0506
2759260;11337640;BL0506;BL0506
2759260;11337641;BL0506;BL0506
2759260;11337642;BL0506;BL0506
2759260;11337643;BL0506;BL0506
4346602;11337645;BL0506;BL0506
336816;10553317;BL0506;BL0506
336816;10556228;BL0506;BL0506
5579341;11337646;BL0506;BL0506
5579499;8334808;BL0506;BL0506
5579499;8334809;BL0506;BL0506
5579499;8334810;BL0506;BL0506
5579499;8334811;BL0506;BL0506
5579499;8334812;BL0506;BL0506
5579499;8339063;BL0506;BL0506
5579499;8339064;BL0506;BL0506
5579499;8339065;BL0506;BL0506
5579499;8339066;BL0506;BL0506
5579499;8339067;BL0506;BL0506
5579499;8343179;BL0506;BL0506
5579499;8343180;BL0506;BL0506
5579499;8343181;BL0506;BL0506
5579499;8343182;BL0506;BL0506
5579499;8347690;BL0506;BL0506
5579499;8347691;BL0506;BL0506
5579499;8347692;BL0506;BL0506
5579499;8347693;BL0506;BL0506
5579499;8347694;BL0506;BL0506
5579499;8351942;BL0506;BL0506
5579499;8351943;BL0506;BL0506
5579499;8356835;BL0506;BL0506
5579499;8356836;BL0506;BL0506
5579499;8356837;BL0506;BL0506
5579499;8361334;BL0506;BL0506
5579499;8361335;BL0506;BL0506
5579499;8365659;BL0506;BL0506
5579499;8365660;BL0506;BL0506
5579499;8365661;BL0506;BL0506
5579499;8365662;BL0506;BL0506
5579499;8365663;BL0506;BL0506
5579499;8365664;BL0506;BL0506
2763778;11337771;BL0506;BL0506
2763779;11337773;BL0506;BL0506
336805;11337774;BL0506;BL0506
336805;11337775;BL0506;BL0506
336805;11337776;BL0506;BL0506
336805;11337777;BL0506;BL0506
336805;11337778;BL0506;BL0506
336805;11337779;BL0506;BL0506
336805;11337780;BL0506;BL0506
336805;11337781;BL0506;BL0506
336805;11337782;BL0506;BL0506
336805;11337783;BL0506;BL0506
336805;11337784;BL0506;BL0506
336805;11337785;BL0506;BL0506
336805;11337786;BL0506;BL0506
336805;11337787;BL0506;BL0506
336805;11337788;BL0506;BL0506
336805;11337789;BL0506;BL0506
336805;11337790;BL0506;BL0506
336805;11337791;BL0506;BL0506
336805;11337792;BL0506;BL0506
813983;8333831;BL0506;BL0506
813983;8333832;BL0506;BL0506
813983;8333833;BL0506;BL0506
813983;8333834;BL0506;BL0506
813983;8346635;BL0506;BL0506
813983;8351002;BL0506;BL0506
813983;8351003;BL0506;BL0506
813983;8360236;BL0506;BL0506
813983;8364658;BL0506;BL0506
2763782;8333837;BL0506;BL0506
2763782;8338056;BL0506;BL0506
2763782;8338057;BL0506;BL0506
2763782;8342185;BL0506;BL0506
2763782;8342186;BL0506;BL0506
2763782;8351006;BL0506;BL0506
2763782;8360242;BL0506;BL0506
2763782;8364661;BL0506;BL0506
2763782;8364662;BL0506;BL0506
3939621;8338053;BL0506;BL0506
3939621;8338054;BL0506;BL0506
3939621;8338055;BL0506;BL0506
3939621;8342184;BL0506;BL0506
3939622;11337794;BL0506;BL0506
3939622;11337795;BL0506;BL0506
3939622;11337796;BL0506;BL0506
3939622;11337797;BL0506;BL0506
3939622;11337798;BL0506;BL0506
3939622;11337799;BL0506;BL0506
3939622;11337800;BL0506;BL0506
3939622;11337801;BL0506;BL0506
336639;8335406;BL0506;BL0506
336639;8335407;BL0506;BL0506
336639;8357438;BL0506;BL0506
336638;8334829;BL0506;BL0506
336638;8339085;BL0506;BL0506
336638;8339086;BL0506;BL0506
2763784;8333358;BL0506;BL0506
2763784;8337558;BL0506;BL0506
2763784;8341735;BL0506;BL0506
2763784;8355273;BL0506;BL0506
2763785;8338584;BL0506;BL0506
2763785;8347180;BL0506;BL0506
2763785;8347181;BL0506;BL0506
2763785;8365213;BL0506;BL0506
336640;8354697;BL0506;BL0506
336640;8359244;BL0506;BL0506
336640;8363583;BL0506;BL0506
336640;8363584;BL0506;BL0506
336637;10553436;BL0506;BL0506
336637;10553437;BL0506;BL0506
336637;10553638;BL0506;BL0506
336637;10553639;BL0506;BL0506
336637;10553828;BL0506;BL0506
336637;10553829;BL0506;BL0506
336637;10554016;BL0506;BL0506
336637;10554017;BL0506;BL0506
336637;10555295;BL0506;BL0506
336637;10555296;BL0506;BL0506
336645;10553446;BL0506;BL0506
336645;10553669;BL0506;BL0506
336645;10553670;BL0506;BL0506
336645;10553881;BL0506;BL0506
336645;10553882;BL0506;BL0506
336645;10554053;BL0506;BL0506
336645;10554054;BL0506;BL0506
336645;10554716;BL0506;BL0506
336645;10555300;BL0506;BL0506
336645;10555301;BL0506;BL0506
336646;10554799;BL0506;BL0506
336646;10554800;BL0506;BL0506
336646;10554881;BL0506;BL0506
336646;10554882;BL0506;BL0506
336646;10554946;BL0506;BL0506
336646;10554947;BL0506;BL0506
336646;10555013;BL0506;BL0506
336646;10555014;BL0506;BL0506
336646;10555798;BL0506;BL0506
336646;10555799;BL0506;BL0506
336644;8331673;BL0506;BL0506
336644;8331674;BL0506;BL0506
336644;8335945;BL0506;BL0506
336644;8340055;BL0506;BL0506
336644;8344465;BL0506;BL0506
336644;8348844;BL0506;BL0506
336644;8353014;BL0506;BL0506
336644;8353015;BL0506;BL0506
336644;8358077;BL0506;BL0506
336644;8358078;BL0506;BL0506
336644;8362385;BL0506;BL0506
336625;8339082;BL0507;BL0507
336625;8347712;BL0507;BL0507
336625;8347713;BL0507;BL0507
336625;8356851;BL0507;BL0507
336625;8356852;BL0507;BL0507
336625;8356853;BL0507;BL0507
336625;8365675;BL0507;BL0507
2759168;11337567;BL0507;BL0507
2759168;11337568;BL0507;BL0507
2759168;11337569;BL0507;BL0507
2759168;11337570;BL0507;BL0507
2759168;11337571;BL0507;BL0507
2759168;11337572;BL0507;BL0507
2759168;11337573;BL0507;BL0507
2759171;8334329;BL0507;BL0507
2759171;8334330;BL0507;BL0507
2759171;8334331;BL0507;BL0507
2759174;8342171;BL0507;BL0507
2759174;8355792;BL0507;BL0507
2759174;8364641;BL0507;BL0507
336626;8347688;BL0507;BL0507
336626;8347689;BL0507;BL0507
5567532;8337040;BL0507;BL0507
5567532;8341145;BL0507;BL0507
5567532;8342170;BL0507;BL0507
5567532;8345578;BL0507;BL0507
5567532;8355788;BL0507;BL0507
5567532;8359221;BL0507;BL0507
5567532;8360223;BL0507;BL0507
6525402;11337576;BL0507;BL0507
2759182;8346115;BL0507;BL0507
2759182;8350500;BL0507;BL0507
2759182;8355226;BL0507;BL0507
4344963;8333323;BL0507;BL0507
4344963;8333324;BL0507;BL0507
4344963;8333325;BL0507;BL0507
336628;8355781;BL0507;BL0507
336628;8355782;BL0507;BL0507
336628;8355783;BL0507;BL0507
336628;8355784;BL0507;BL0507
336631;8343773;BL0507;BL0507
336631;8343774;BL0507;BL0507
336631;8352449;BL0507;BL0507
336631;8352450;BL0507;BL0507
336631;8357409;BL0507;BL0507
336631;8357410;BL0507;BL0507
336631;8361882;BL0507;BL0507
336631;8366168;BL0507;BL0507
336631;8366169;BL0507;BL0507
2759189;11337594;BL0507;BL0507
2759189;11337595;BL0507;BL0507
2759193;8342166;BL0507;BL0507
2759193;8355780;BL0507;BL0507
2759193;8360218;BL0507;BL0507
2759194;8337532;BL0507;BL0507
2759194;8341710;BL0507;BL0507
2759194;8350499;BL0507;BL0507
2759194;8355225;BL0507;BL0507
2759196;8337028;BL0507;BL0507
2759196;8337029;BL0507;BL0507
2759196;8345559;BL0507;BL0507
2759196;8349974;BL0507;BL0507
2759196;8354632;BL0507;BL0507
2759196;8354633;BL0507;BL0507
2759196;8354634;BL0507;BL0507
2759196;8363525;BL0507;BL0507
1327499;8338016;BL0507;BL0507
1327499;8346615;BL0507;BL0507
1327499;8350959;BL0507;BL0507
1327499;8355763;BL0507;BL0507
1327499;8355764;BL0507;BL0507
2759197;8342648;BL0507;BL0507
2759197;8342649;BL0507;BL0507
2759197;8347118;BL0507;BL0507
2759197;8360723;BL0507;BL0507
2759197;8365136;BL0507;BL0507
336808;10551141;BL0507;BL0507
336808;10551152;BL0507;BL0507
336808;10551155;BL0507;BL0507
336808;10551156;BL0507;BL0507
336808;10551247;BL0507;BL0507
336808;10551256;BL0507;BL0507
336808;10551258;BL0507;BL0507
336808;10551259;BL0507;BL0507
336808;10551344;BL0507;BL0507
336808;10551351;BL0507;BL0507
336808;10551352;BL0507;BL0507
336808;10551353;BL0507;BL0507
336808;10551438;BL0507;BL0507
336808;10551439;BL0507;BL0507
336808;10551440;BL0507;BL0507
336808;10552813;BL0507;BL0507
336808;10552956;BL0507;BL0507
336808;10552959;BL0507;BL0507
336808;10552960;BL0507;BL0507
336808;10556176;BL0507;BL0507
336808;10556177;BL0507;BL0507
336808;10557416;BL0507;BL0507
336814;8339510;BL0507;BL0507
336814;8339511;BL0507;BL0507
336814;8343724;BL0507;BL0507
336814;8348174;BL0507;BL0507
336814;8352402;BL0507;BL0507
336814;8352403;BL0507;BL0507
336814;8352404;BL0507;BL0507
336814;8361835;BL0507;BL0507
5579338;11337596;BL0507;BL0507
5579338;11337597;BL0507;BL0507
5579338;11337598;BL0507;BL0507
5579338;11337599;BL0507;BL0507
5579338;11337600;BL0507;BL0507
5579338;11337601;BL0507;BL0507
5579338;11337602;BL0507;BL0507
5579338;11337603;BL0507;BL0507
2759224;8334275;BL0507;BL0507
2759224;8342630;BL0507;BL0507
2759224;8342631;BL0507;BL0507
2759224;8351436;BL0507;BL0507
2759224;8356256;BL0507;BL0507
2759224;8365125;BL0507;BL0507
2759226;8334276;BL0507;BL0507
2759226;8338512;BL0507;BL0507
2759226;8342632;BL0507;BL0507
2759226;8342633;BL0507;BL0507
2759226;8351437;BL0507;BL0507
2759226;8360706;BL0507;BL0507
2759229;8334777;BL0507;BL0507
2759229;8334778;BL0507;BL0507
2759229;8347655;BL0507;BL0507
2759229;8351908;BL0507;BL0507
2759229;8356803;BL0507;BL0507
2759229;8361294;BL0507;BL0507
2759233;8334290;BL0507;BL0507
2759233;8334291;BL0507;BL0507
2759233;8334292;BL0507;BL0507
2759236;8332197;BL0507;BL0507
2759236;8332198;BL0507;BL0507
2759236;8332199;BL0507;BL0507
2759236;8332200;BL0507;BL0507
2759236;8332201;BL0507;BL0507
2759236;8336489;BL0507;BL0507
2759236;8336490;BL0507;BL0507
2759236;8336491;BL0507;BL0507
2759236;8340599;BL0507;BL0507
2759236;8340600;BL0507;BL0507
2759236;8340601;BL0507;BL0507
2759236;8345059;BL0507;BL0507
2759236;8345060;BL0507;BL0507
2759236;8345061;BL0507;BL0507
2759236;8349420;BL0507;BL0507
2759236;8349421;BL0507;BL0507
2759236;8349422;BL0507;BL0507
2759236;8349423;BL0507;BL0507
2759236;8349424;BL0507;BL0507
2759236;8353615;BL0507;BL0507
2759236;8353616;BL0507;BL0507
2759236;8353617;BL0507;BL0507
2759236;8358648;BL0507;BL0507
4060716;11337605;BL0507;BL0507
336811;8342142;BL0507;BL0507
4346599;8340594;BL0507;BL0507
4346599;8340595;BL0507;BL0507
4346599;8353612;BL0507;BL0507
4346599;8363003;BL0507;BL0507
2763870;10555322;BL0507;BL0507
4153963;8347115;BL0507;BL0507
4153963;8347116;BL0507;BL0507
4153963;8351444;BL0507;BL0507
2763876;8339022;BL0507;BL0507
2763876;8351911;BL0507;BL0507
2763876;8351912;BL0507;BL0507
2763876;8356804;BL0507;BL0507
2763877;8332202;BL0507;BL0507
2763877;8336492;BL0507;BL0507
2763877;8336493;BL0507;BL0507
2763877;8340602;BL0507;BL0507
2763877;8349425;BL0507;BL0507
2763877;8358649;BL0507;BL0507
336636;8332203;BL0507;BL0507
336636;8332204;BL0507;BL0507
336636;8336494;BL0507;BL0507
336636;8349426;BL0507;BL0507
336635;8332738;BL0507;BL0507
336635;8332739;BL0507;BL0507
336635;8332740;BL0507;BL0507
336635;8337008;BL0507;BL0507
336635;8341095;BL0507;BL0507
336635;8341096;BL0507;BL0507
336635;8341097;BL0507;BL0507
336635;8345545;BL0507;BL0507
336635;8349953;BL0507;BL0507
336635;8349954;BL0507;BL0507
336635;8354610;BL0507;BL0507
336635;8354611;BL0507;BL0507
336635;8359190;BL0507;BL0507
336635;8359191;BL0507;BL0507
336635;8363497;BL0507;BL0507
336635;8363498;BL0507;BL0507
336635;8363499;BL0507;BL0507
2763881;8337012;BL0507;BL0507
2763881;8341099;BL0507;BL0507
2763881;8341100;BL0507;BL0507
2763881;8341101;BL0507;BL0507
2763881;8345546;BL0507;BL0507
2763881;8345547;BL0507;BL0507
2763881;8354612;BL0507;BL0507
2763881;8354613;BL0507;BL0507
2763881;8359194;BL0507;BL0507
2763882;8338017;BL0507;BL0507
2763882;8350961;BL0507;BL0507
2763882;8350962;BL0507;BL0507
2763882;8355765;BL0507;BL0507
2763882;8355766;BL0507;BL0507
2763882;8355767;BL0507;BL0507
2763885;8335376;BL0507;BL0507
2763885;8339549;BL0507;BL0507
2763885;8343771;BL0507;BL0507
2763885;8343772;BL0507;BL0507
2763885;8366167;BL0507;BL0507
4344959;11337748;BL0507;BL0507
6382973;11337749;BL0507;BL0507
336642;10555728;BL0507;BL0507
3939677;8331637;BL0507;BL0507
3939677;8331638;BL0507;BL0507
3939677;8331639;BL0507;BL0507
3939677;8331640;BL0507;BL0507
3939677;8335921;BL0507;BL0507
3939677;8340007;BL0507;BL0507
3939677;8340008;BL0507;BL0507
3939677;8348806;BL0507;BL0507
3939677;8352988;BL0507;BL0507
3939677;8352989;BL0507;BL0507
3939677;8352990;BL0507;BL0507
3939677;8362349;BL0507;BL0507
2768190;8331641;BL0507;BL0507
2768190;8331642;BL0507;BL0507
2768190;8352991;BL0507;BL0507
2768190;8358044;BL0507;BL0507
2768190;8362351;BL0507;BL0507
2768192;8348808;BL0507;BL0507
2768192;8348809;BL0507;BL0507
2768192;8348810;BL0507;BL0507
2768192;8348811;BL0507;BL0507
3939678;8331643;BL0507;BL0507
3939678;8340012;BL0507;BL0507
3939678;8340013;BL0507;BL0507
3939678;8348813;BL0507;BL0507
3939678;8348814;BL0507;BL0507
3939678;8358046;BL0507;BL0507
3939678;8358047;BL0507;BL0507
3939678;8362354;BL0507;BL0507
3939678;8362355;BL0507;BL0507
2768195;11337622;BL0507;BL0507
2768196;8333821;BL0507;BL0507
2768196;8355791;BL0507;BL0507
2768196;8364638;BL0507;BL0507
2768196;8364639;BL0507;BL0507
2768196;8364640;BL0507;BL0507
2768198;8360770;BL0507;BL0507
2768198;8360771;BL0507;BL0507
2768198;8360772;BL0507;BL0507
2768199;8339563;BL0507;BL0507
2768199;8343787;BL0507;BL0507
2768199;8352468;BL0507;BL0507
2768199;8352469;BL0507;BL0507
2768199;8366190;BL0507;BL0507
336643;11337618;BL0507;BL0507
5579597;10556211;BL0507;BL0507
5579597;10556219;BL0507;BL0507
3923032;8332805;BL0508;BL0508
76560;8336564;BL0508;BL0508
76554;8335934;BL0508;BL0508
76545;8336260;BL0509;BL0509
76545;8340402;BL0509;BL0509
76545;8344862;BL0509;BL0509
76545;8344863;BL0509;BL0509
76545;8344864;BL0509;BL0509
76545;8349215;BL0509;BL0509
76545;8353402;BL0509;BL0509
2758790;8335065;BL0509;BL0509
2758790;8339339;BL0509;BL0509
2758790;8339340;BL0509;BL0509
2758790;8339341;BL0509;BL0509
2758790;8357138;BL0509;BL0509
2758790;8357139;BL0509;BL0509
2758790;8357140;BL0509;BL0509
2758790;8357141;BL0509;BL0509
2758790;8357142;BL0509;BL0509
2758790;8361617;BL0509;BL0509
2758790;8365934;BL0509;BL0509
76547;8335064;BL0509;BL0509
76547;8343491;BL0509;BL0509
76547;8352182;BL0509;BL0509
76547;8352183;BL0509;BL0509
76547;8357135;BL0509;BL0509
76547;8357136;BL0509;BL0509
76547;8357137;BL0509;BL0509
76547;8361616;BL0509;BL0509
76547;8365933;BL0509;BL0509
76546;11337500;BL0509;BL0509
76546;11337501;BL0509;BL0509
76544;8363243;BL0509;BL0509
76544;8363244;BL0509;BL0509
76544;8363245;BL0509;BL0509
76555;8336563;BL0509;BL0509
76555;8345115;BL0509;BL0509
76555;8349487;BL0509;BL0509
76555;8349488;BL0509;BL0509
76555;8363058;BL0509;BL0509
5579342;11337648;BL0509;BL0509
5579342;11337649;BL0509;BL0509
5579342;11337650;BL0509;BL0509
5579342;11337651;BL0509;BL0509
2759279;8333371;BL0509;BL0509
2759281;8334843;BL0509;BL0509
2759281;8347734;BL0509;BL0509
2759281;8356871;BL0509;BL0509
2759281;8361371;BL0509;BL0509
2759281;8365692;BL0509;BL0509
2759281;8365693;BL0509;BL0509
2759284;8355843;BL0509;BL0509
2759284;8355844;BL0509;BL0509
2759284;8355845;BL0509;BL0509
2759284;8355846;BL0509;BL0509
2759284;8355847;BL0509;BL0509
2759287;8334844;BL0509;BL0509
2759287;8334845;BL0509;BL0509
1327500;8348849;BL0509;BL0509
1327500;8353020;BL0509;BL0509
1327500;8358087;BL0509;BL0509
1327500;8358088;BL0509;BL0509
1327500;8362393;BL0509;BL0509
1327500;8362394;BL0509;BL0509
2759288;8333579;BL0509;BL0509
2759288;8337811;BL0509;BL0509
2759288;8346388;BL0509;BL0509
2759288;8346389;BL0509;BL0509
2759288;8346390;BL0509;BL0509
2759288;8355525;BL0509;BL0509
2759290;8333580;BL0509;BL0509
2759290;8337812;BL0509;BL0509
2759290;8337813;BL0509;BL0509
2759290;8346391;BL0509;BL0509
2759290;8346392;BL0509;BL0509
2759290;8355526;BL0509;BL0509
2759294;8335062;BL0509;BL0509
2759294;8339335;BL0509;BL0509
2759294;8352180;BL0509;BL0509
2759294;8357132;BL0509;BL0509
2759294;8357133;BL0509;BL0509
2759294;8361611;BL0509;BL0509
76556;8334594;BL0509;BL0509
76556;8338836;BL0509;BL0509
76556;8342944;BL0509;BL0509
76556;8347458;BL0509;BL0509
76556;8347459;BL0509;BL0509
76556;8351737;BL0509;BL0509
76556;8351738;BL0509;BL0509
76556;8351739;BL0509;BL0509
76556;8361071;BL0509;BL0509
76556;8365459;BL0509;BL0509
2759301;11337653;BL0509;BL0509
76559;8335063;BL0509;BL0509
76559;8339336;BL0509;BL0509
76559;8339337;BL0509;BL0509
76559;8343490;BL0509;BL0509
76559;8347965;BL0509;BL0509
76559;8352181;BL0509;BL0509
76559;8357134;BL0509;BL0509
76559;10551990;BL0509;BL0509
2760061;8331361;BL0509;BL0509
2760061;8331362;BL0509;BL0509
2760061;8348576;BL0509;BL0509
2760061;8348577;BL0509;BL0509
2760061;8352735;BL0509;BL0509
2760061;8352736;BL0509;BL0509
2760061;8357808;BL0509;BL0509
2760061;8357809;BL0509;BL0509
2760061;8357810;BL0509;BL0509
76558;8331984;BL0509;BL0509
76558;8336259;BL0509;BL0509
76558;8349211;BL0509;BL0509
76558;8349212;BL0509;BL0509
76558;8349213;BL0509;BL0509
76558;8349214;BL0509;BL0509
76558;8358449;BL0509;BL0509
76558;8362784;BL0509;BL0509
76551;8333879;BL0509;BL0509
76551;8338098;BL0509;BL0509
76551;8342221;BL0509;BL0509
76551;8342222;BL0509;BL0509
76551;8346668;BL0509;BL0509
76551;8355842;BL0509;BL0509
76551;8364713;BL0509;BL0509
76552;8333373;BL0509;BL0509
76552;8337573;BL0509;BL0509
76552;8337574;BL0509;BL0509
76552;8337575;BL0509;BL0509
76552;8341746;BL0509;BL0509
76552;8355292;BL0509;BL0509
76552;8359777;BL0509;BL0509
76552;8364128;BL0509;BL0509
76552;8364129;BL0509;BL0509
76552;8364130;BL0509;BL0509
76553;8334846;BL0509;BL0509
76553;8343218;BL0509;BL0509
76553;8347735;BL0509;BL0509
76553;8351971;BL0509;BL0509
76553;8356872;BL0509;BL0509
76553;8361372;BL0509;BL0509
76553;8365694;BL0509;BL0509
76550;8334363;BL0509;BL0509
76550;8334364;BL0509;BL0509
76550;8334365;BL0509;BL0509
76550;8338613;BL0509;BL0509
76550;8338614;BL0509;BL0509
76550;8342732;BL0509;BL0509
76550;8342733;BL0509;BL0509
76550;8347214;BL0509;BL0509
76550;8347215;BL0509;BL0509
76550;8360822;BL0509;BL0509
76550;8365245;BL0509;BL0509
76549;8331379;BL0510;BL0510
76549;8331380;BL0510;BL0510
76549;8331381;BL0510;BL0510
76549;8331382;BL0510;BL0510
76549;8332007;BL0510;BL0510
76549;8332008;BL0510;BL0510
76549;8332009;BL0510;BL0510
76549;8335670;BL0510;BL0510
76549;8335671;BL0510;BL0510
76549;8335672;BL0510;BL0510
76549;8335673;BL0510;BL0510
76549;8335674;BL0510;BL0510
76549;8336290;BL0510;BL0510
76549;8336291;BL0510;BL0510
76549;8336292;BL0510;BL0510
76549;8336293;BL0510;BL0510
76549;8339805;BL0510;BL0510
76549;8339806;BL0510;BL0510
76549;8339807;BL0510;BL0510
76549;8339808;BL0510;BL0510
76549;8340417;BL0510;BL0510
76549;8340418;BL0510;BL0510
76549;8340419;BL0510;BL0510
76549;8340420;BL0510;BL0510
76549;8340421;BL0510;BL0510
76549;8340422;BL0510;BL0510
76549;8344188;BL0510;BL0510
76549;8344878;BL0510;BL0510
76549;8344879;BL0510;BL0510
76549;8344880;BL0510;BL0510
76549;8344881;BL0510;BL0510
76549;8348585;BL0510;BL0510
76549;8348586;BL0510;BL0510
76549;8349230;BL0510;BL0510
76549;8349231;BL0510;BL0510
76549;8349232;BL0510;BL0510
76549;8349233;BL0510;BL0510
76549;8349234;BL0510;BL0510
76549;8349235;BL0510;BL0510
76549;8352746;BL0510;BL0510
76549;8353422;BL0510;BL0510
76549;8353423;BL0510;BL0510
76549;8353424;BL0510;BL0510
76549;8353425;BL0510;BL0510
76549;8353426;BL0510;BL0510
76549;8353427;BL0510;BL0510
76549;8357823;BL0510;BL0510
76549;8357824;BL0510;BL0510
76549;8357825;BL0510;BL0510
76549;8357826;BL0510;BL0510
76549;8358466;BL0510;BL0510
76549;8358467;BL0510;BL0510
76549;8358468;BL0510;BL0510
76549;8358469;BL0510;BL0510
76549;8358470;BL0510;BL0510
76549;8358471;BL0510;BL0510
76549;8358472;BL0510;BL0510
76549;8358473;BL0510;BL0510
76549;8358474;BL0510;BL0510
76549;8362132;BL0510;BL0510
76549;8362133;BL0510;BL0510
76549;8362796;BL0510;BL0510
76549;8362797;BL0510;BL0510
76549;8362798;BL0510;BL0510
76549;8362799;BL0510;BL0510
2758797;11337502;BL0510;BL0510
2758797;11337503;BL0510;BL0510
2758797;11337504;BL0510;BL0510
2758797;11337505;BL0510;BL0510
2758797;11337506;BL0510;BL0510
2758797;11337507;BL0510;BL0510
2758797;11337508;BL0510;BL0510
2758797;11337509;BL0510;BL0510
2758797;11337510;BL0510;BL0510
2758797;11337511;BL0510;BL0510
2758797;11337512;BL0510;BL0510
2758797;11337513;BL0510;BL0510
2758797;11337514;BL0510;BL0510
2758797;11337515;BL0510;BL0510
2758797;11337516;BL0510;BL0510
2758797;11337517;BL0510;BL0510
2758797;11337518;BL0510;BL0510
1343714;8346408;BL0510;BL0510
1343714;8346409;BL0510;BL0510
1343714;8350740;BL0510;BL0510
1343714;8355538;BL0510;BL0510
1343714;8355539;BL0510;BL0510
1343714;8359994;BL0510;BL0510
1343714;8359995;BL0510;BL0510
2758800;8339365;BL0510;BL0510
2758800;8339366;BL0510;BL0510
2758800;8347984;BL0510;BL0510
2758800;8347985;BL0510;BL0510
2758800;8352211;BL0510;BL0510
2758800;8361634;BL0510;BL0510
2758800;8365960;BL0510;BL0510
2758803;8339348;BL0510;BL0510
2758803;8347970;BL0510;BL0510
2758803;8347971;BL0510;BL0510
2758803;8352184;BL0510;BL0510
2758803;8361622;BL0510;BL0510
2758803;8365942;BL0510;BL0510
5579323;8359983;BL0510;BL0510
5579323;8359984;BL0510;BL0510
5579323;8359985;BL0510;BL0510
2758806;8331363;BL0510;BL0510
2758806;8339796;BL0510;BL0510
2758806;8344172;BL0510;BL0510
2758806;8344173;BL0510;BL0510
2758806;8344174;BL0510;BL0510
76557;10555726;BL0510;BL0510
2759308;8337263;BL0510;BL0510
2759308;8341386;BL0510;BL0510
2759308;8345835;BL0510;BL0510
2759308;8345836;BL0510;BL0510
2759308;8354923;BL0510;BL0510
2759308;8363782;BL0510;BL0510
2759310;8331985;BL0510;BL0510
2759310;8336261;BL0510;BL0510
2759310;8336262;BL0510;BL0510
2759310;8336263;BL0510;BL0510
2759310;8336264;BL0510;BL0510
2759310;8358450;BL0510;BL0510
2759312;8335067;BL0510;BL0510
2759312;8335068;BL0510;BL0510
2759312;8335069;BL0510;BL0510
2759312;8339347;BL0510;BL0510
2759312;8343497;BL0510;BL0510
2759312;8347969;BL0510;BL0510
2759312;8357143;BL0510;BL0510
2759312;8357144;BL0510;BL0510
2759312;8357145;BL0510;BL0510
2759312;8357146;BL0510;BL0510
2759312;8361619;BL0510;BL0510
2759312;8361620;BL0510;BL0510
2759312;8361621;BL0510;BL0510
2759312;8365937;BL0510;BL0510
2759312;8365938;BL0510;BL0510
2759312;8365939;BL0510;BL0510
2759312;8365940;BL0510;BL0510
2759312;8365941;BL0510;BL0510
2759314;11337654;BL0510;BL0510
2759314;11337655;BL0510;BL0510
2759314;11337656;BL0510;BL0510
2759314;11337657;BL0510;BL0510
2759314;11337658;BL0510;BL0510
2759314;11337659;BL0510;BL0510
2759314;11337660;BL0510;BL0510
2759314;11337661;BL0510;BL0510
2759314;11337662;BL0510;BL0510
2759314;11337663;BL0510;BL0510
2759314;11337664;BL0510;BL0510
2759314;11337665;BL0510;BL0510
2759314;11337666;BL0510;BL0510
2759314;11337667;BL0510;BL0510
2759314;11337668;BL0510;BL0510
2759314;11337669;BL0510;BL0510
2759314;11337670;BL0510;BL0510
2759316;11337671;BL0510;BL0510
335870;8356601;BL0510;BL0510
335870;8356602;BL0510;BL0510
335870;8356603;BL0510;BL0510
335870;8356604;BL0510;BL0510
335870;8356605;BL0510;BL0510
335866;11337673;BL0511;BL0511
2759320;8336781;BL0511;BL0511
2759320;8340425;BL0511;BL0511
2759320;8340426;BL0511;BL0511
2759320;8340896;BL0511;BL0511
2759320;8340897;BL0511;BL0511
2759320;8344886;BL0511;BL0511
2759320;8353428;BL0511;BL0511
2759320;8354392;BL0511;BL0511
2759320;8358478;BL0511;BL0511
2759320;8358982;BL0511;BL0511
2759320;8362803;BL0511;BL0511
2759320;8363286;BL0511;BL0511
2759324;11337675;BL0511;BL0511
2759324;11337676;BL0511;BL0511
2759324;11337677;BL0511;BL0511
2759324;11337678;BL0511;BL0511
2759324;11337679;BL0511;BL0511
2759325;11337680;BL0511;BL0511
2759327;8332507;BL0511;BL0511
2759327;8332508;BL0511;BL0511
2759327;8336783;BL0511;BL0511
2759327;8336784;BL0511;BL0511
2759327;8336785;BL0511;BL0511
2759327;8336786;BL0511;BL0511
2759327;8336787;BL0511;BL0511
2759327;8340898;BL0511;BL0511
2759327;8340899;BL0511;BL0511
2759327;8345343;BL0511;BL0511
2759327;8349729;BL0511;BL0511
2759327;8354393;BL0511;BL0511
2759327;8354394;BL0511;BL0511
2759327;8358983;BL0511;BL0511
2759327;8358984;BL0511;BL0511
2759327;8358985;BL0511;BL0511
2759327;8363287;BL0511;BL0511
2759327;8363288;BL0511;BL0511
2759327;8363289;BL0511;BL0511
2759330;11337685;BL0511;BL0511
2759330;11337686;BL0511;BL0511
2759330;11337687;BL0511;BL0511
2759330;11337688;BL0511;BL0511
2759330;11337689;BL0511;BL0511
2759330;11337690;BL0511;BL0511
2759330;11337691;BL0511;BL0511
2759330;11337692;BL0511;BL0511
2759330;11337693;BL0511;BL0511
2759330;11337694;BL0511;BL0511
2759330;11337695;BL0511;BL0511
2759330;11337696;BL0511;BL0511
2759330;11337697;BL0511;BL0511
2759330;11337698;BL0511;BL0511
2759335;11337699;BL0511;BL0511
2759338;8333067;BL0511;BL0511
2759338;8333068;BL0511;BL0511
2759338;8333069;BL0511;BL0511
2759338;8333070;BL0511;BL0511
2759338;8333071;BL0511;BL0511
335869;8341977;BL0511;BL0511
335869;8341978;BL0511;BL0511
335869;8341979;BL0511;BL0511
335869;8341980;BL0511;BL0511
335869;8341981;BL0511;BL0511
6430502;11337700;BL0511;BL0511
335867;8333072;BL0511;BL0511
335867;8333073;BL0511;BL0511
335867;8337292;BL0511;BL0511
335867;8337293;BL0511;BL0511
335867;8337294;BL0511;BL0511
335867;8337295;BL0511;BL0511
335867;8337296;BL0511;BL0511
335867;8337297;BL0511;BL0511
335867;8337298;BL0511;BL0511
335867;8341434;BL0511;BL0511
335867;8341435;BL0511;BL0511
335867;8345884;BL0511;BL0511
335867;8345885;BL0511;BL0511
335867;8350263;BL0511;BL0511
335867;8350264;BL0511;BL0511
335867;8350265;BL0511;BL0511
335867;8350266;BL0511;BL0511
335867;8350267;BL0511;BL0511
335867;8350268;BL0511;BL0511
335867;8354956;BL0511;BL0511
335867;8354957;BL0511;BL0511
335867;8359500;BL0511;BL0511
335867;8359501;BL0511;BL0511
335867;8359502;BL0511;BL0511
335867;8359503;BL0511;BL0511
335867;8359504;BL0511;BL0511
335867;8359505;BL0511;BL0511
335867;8359506;BL0511;BL0511
335867;8363838;BL0511;BL0511
335867;8363839;BL0511;BL0511
335867;8363840;BL0511;BL0511
335867;8363841;BL0511;BL0511
2759345;11337714;BL0511;BL0511
5579345;11337715;BL0511;BL0511
3993747;10550693;BL0511;BL0511
2759350;8342454;BL0511;BL0511
2759350;8342455;BL0511;BL0511
2759350;8360541;BL0511;BL0511
2759350;8360542;BL0511;BL0511
2759350;8360543;BL0511;BL0511
335868;8335694;BL0511;BL0511
335868;8339815;BL0511;BL0511
335868;8352758;BL0511;BL0511
335868;8357832;BL0511;BL0511
335873;8339367;BL0511;BL0511
335873;8339368;BL0511;BL0511
335873;8339369;BL0511;BL0511
335873;8343522;BL0511;BL0511
335873;8343523;BL0511;BL0511
335873;8347988;BL0511;BL0511
335873;8352214;BL0511;BL0511
335873;8352215;BL0511;BL0511
335873;8357166;BL0511;BL0511
335873;8365962;BL0511;BL0511
335873;8365963;BL0511;BL0511
335873;8365964;BL0511;BL0511
2760542;10555470;BL0511;BL0511
2760542;10555471;BL0511;BL0511
2760542;10556257;BL0511;BL0511
2760542;10556733;BL0511;BL0511
2760542;10557650;BL0511;BL0511
2760542;10557669;BL0511;BL0511
2760542;10557672;BL0511;BL0511
2760542;10557673;BL0511;BL0511
2760542;10557906;BL0511;BL0511
2760544;10553383;BL0511;BL0511
2760544;10553603;BL0511;BL0511
2760544;10553837;BL0511;BL0511
2760544;10555533;BL0511;BL0511
2760546;8331396;BL0511;BL0511
2760546;8335690;BL0511;BL0511
2760546;8335691;BL0511;BL0511
2760546;8335692;BL0511;BL0511
2760546;8335693;BL0511;BL0511
2760546;8344198;BL0511;BL0511
2760546;8344199;BL0511;BL0511
2760546;8344200;BL0511;BL0511
2760546;8348599;BL0511;BL0511
2760546;8348600;BL0511;BL0511
2760547;8353438;BL0511;BL0511
2760547;8353439;BL0511;BL0511
2760547;8353440;BL0511;BL0511
2760547;8353441;BL0511;BL0511
2760547;8353442;BL0511;BL0511
4346441;8334615;BL0511;BL0511
4346441;8338865;BL0511;BL0511
4346441;8342976;BL0511;BL0511
4346441;8347487;BL0511;BL0511
4346441;8361109;BL0511;BL0511
335872;11337768;BL0511;BL0511
4009567;8334119;BL0511;BL0511
4009567;8338357;BL0511;BL0511
4009567;8351257;BL0511;BL0511
4009567;8351258;BL0511;BL0511
4009567;8356098;BL0511;BL0511
4009567;8356099;BL0511;BL0511
13052;8333077;BL0511;BL0511
13052;8333078;BL0511;BL0511
13052;8354964;BL0511;BL0511
13052;8359516;BL0511;BL0511
13052;8359517;BL0511;BL0511
13052;8363846;BL0511;BL0511
335854;8333081;BL0511;BL0511
335854;8337301;BL0511;BL0511
335854;8341441;BL0511;BL0511
335854;8345888;BL0511;BL0511
335854;8345889;BL0511;BL0511
335854;8345890;BL0511;BL0511
335854;8354965;BL0511;BL0511
335854;8354966;BL0511;BL0511
2761150;8334617;BL0511;BL0511
2761150;8334618;BL0511;BL0511
2761150;8338868;BL0511;BL0511
2761150;8342978;BL0511;BL0511
2761150;8342979;BL0511;BL0511
2761150;8347490;BL0511;BL0511
2761150;8347491;BL0511;BL0511
2761150;8347492;BL0511;BL0511
2761150;8347493;BL0511;BL0511
2761150;8351769;BL0511;BL0511
2761150;8351770;BL0511;BL0511
2761150;8356638;BL0511;BL0511
2761150;8365483;BL0511;BL0511
335855;8341985;BL0511;BL0511
335855;8341986;BL0511;BL0511
335855;8355565;BL0511;BL0511
335855;8360016;BL0511;BL0511
335845;8348601;BL0511;BL0511
335845;8357833;BL0511;BL0511
335845;8357834;BL0511;BL0511
335845;8362144;BL0511;BL0511
335845;8362145;BL0511;BL0511
2764322;8339385;BL0511;BL0511
2764322;8348021;BL0511;BL0511
2764322;8348022;BL0511;BL0511
2764322;8361658;BL0511;BL0511
2764322;8361659;BL0511;BL0511
2764322;8365988;BL0511;BL0511
2764326;8361660;BL0511;BL0511
2764326;8361661;BL0511;BL0511
2764326;8361662;BL0511;BL0511
2764327;8342457;BL0511;BL0511
2764327;8346934;BL0511;BL0511
2764327;8356100;BL0511;BL0511
2764329;8334619;BL0511;BL0511
2764329;8338869;BL0511;BL0511
2764329;8338870;BL0511;BL0511
2764329;8338871;BL0511;BL0511
2764329;8342980;BL0511;BL0511
2764329;8342981;BL0511;BL0511
2764329;8342982;BL0511;BL0511
2764329;8347494;BL0511;BL0511
2764329;8347495;BL0511;BL0511
2764329;8347496;BL0511;BL0511
2764329;8351771;BL0511;BL0511
2764329;8351772;BL0511;BL0511
2764329;8351773;BL0511;BL0511
2764329;8351774;BL0511;BL0511
2764329;8356639;BL0511;BL0511
2764329;8361112;BL0511;BL0511
2764329;8361113;BL0511;BL0511
2764329;8365484;BL0511;BL0511
2764329;8365485;BL0511;BL0511
2764332;8335124;BL0511;BL0511
2764332;8335125;BL0511;BL0511
2764332;8335126;BL0511;BL0511
2764332;8339386;BL0511;BL0511
2764332;8339387;BL0511;BL0511
2764332;8339388;BL0511;BL0511
2764332;8343554;BL0511;BL0511
2764332;8348023;BL0511;BL0511
2764332;8357195;BL0511;BL0511
2764332;8361663;BL0511;BL0511
2764332;8365989;BL0511;BL0511
2764332;8365990;BL0511;BL0511
2764332;8365991;BL0511;BL0511
2764332;8365992;BL0511;BL0511
2764336;8332529;BL0511;BL0511
2764336;8336810;BL0511;BL0511
2764336;8336811;BL0511;BL0511
2764336;8336812;BL0511;BL0511
2764336;8336813;BL0511;BL0511
2764336;8349754;BL0511;BL0511
2764336;8354410;BL0511;BL0511
2764336;8354411;BL0511;BL0511
2764336;8358997;BL0511;BL0511
2764336;10554004;BL0511;BL0511
2764337;8336807;BL0511;BL0511
2764337;8345358;BL0511;BL0511
2764337;8345359;BL0511;BL0511
2764337;8345360;BL0511;BL0511
2764337;8349751;BL0511;BL0511
2764337;8354408;BL0511;BL0511
2764337;8354409;BL0511;BL0511
2764337;8363300;BL0511;BL0511
335846;8333619;BL0511;BL0511
335846;8333620;BL0511;BL0511
335846;8333621;BL0511;BL0511
335846;8341987;BL0511;BL0511
335846;8350758;BL0511;BL0511
335846;8355566;BL0511;BL0511
335846;8360017;BL0511;BL0511
335846;8360018;BL0511;BL0511
335846;8364403;BL0511;BL0511
335121;10555225;BL0512;BL0512
4275251;10551713;BL0512;BL0512
4275251;10551722;BL0512;BL0512
4275251;10551818;BL0512;BL0512
4275251;10551919;BL0512;BL0512
4275251;10552002;BL0512;BL0512
4275251;10553610;BL0512;BL0512
4275251;10554025;BL0512;BL0512
4345066;11337527;BL0512;BL0512
2758932;11337528;BL0512;BL0512
2758932;11337529;BL0512;BL0512
2758932;11337530;BL0512;BL0512
2758933;8349257;BL0512;BL0512
2758933;8349258;BL0512;BL0512
2758933;8349259;BL0512;BL0512
2758934;8338880;BL0512;BL0512
2758934;8338881;BL0512;BL0512
2758934;8347503;BL0512;BL0512
2758934;8347504;BL0512;BL0512
2758934;8351783;BL0512;BL0512
4345064;8334137;BL0512;BL0512
4345064;8334138;BL0512;BL0512
4345064;8338374;BL0512;BL0512
4345064;8338375;BL0512;BL0512
4345064;8338376;BL0512;BL0512
4345064;8342475;BL0512;BL0512
4345064;8342476;BL0512;BL0512
4345064;8360563;BL0512;BL0512
4345064;8364979;BL0512;BL0512
4345064;8364980;BL0512;BL0512
4345064;8364981;BL0512;BL0512
4345064;8364982;BL0512;BL0512
2758935;11337531;BL0512;BL0512
2758935;11337532;BL0512;BL0512
2758935;11337533;BL0512;BL0512
2758935;11337534;BL0512;BL0512
2758935;11337535;BL0512;BL0512
2758935;11337536;BL0512;BL0512
2758935;11337537;BL0512;BL0512
2758935;11337538;BL0512;BL0512
2758935;11337539;BL0512;BL0512
2758937;11337540;BL0512;BL0512
2758937;11337541;BL0512;BL0512
2758937;11337542;BL0512;BL0512
2758937;11337543;BL0512;BL0512
2758937;11337544;BL0512;BL0512
2758937;11337545;BL0512;BL0512
2758937;11337546;BL0512;BL0512
335122;8336321;BL0512;BL0512
335122;8336322;BL0512;BL0512
335122;8344905;BL0512;BL0512
335122;8344906;BL0512;BL0512
335122;8349264;BL0512;BL0512
335122;8353462;BL0512;BL0512
335122;8353463;BL0512;BL0512
335122;8353464;BL0512;BL0512
335122;8353465;BL0512;BL0512
335122;8353466;BL0512;BL0512
335122;8358508;BL0512;BL0512
335122;8358509;BL0512;BL0512
335122;8358510;BL0512;BL0512
335122;8358511;BL0512;BL0512
335122;8362842;BL0512;BL0512
2758938;11337548;BL0512;BL0512
2758938;11337549;BL0512;BL0512
2758938;11337550;BL0512;BL0512
2758938;11337551;BL0512;BL0512
2758938;11337552;BL0512;BL0512
2758938;11337553;BL0512;BL0512
2758938;11337554;BL0512;BL0512
2758938;11337555;BL0512;BL0512
2758938;11337556;BL0512;BL0512
2758938;11337557;BL0512;BL0512
335090;11337558;BL0512;BL0512
335124;11337809;BL0512;BL0512
2761151;8336825;BL0512;BL0512
2761151;8340920;BL0512;BL0512
2761151;8354422;BL0512;BL0512
2761151;8363325;BL0512;BL0512
335123;8344201;BL0512;BL0512
335123;10557530;BL0512;BL0512
335125;8334139;BL0512;BL0512
335125;8334140;BL0512;BL0512
335125;8334141;BL0512;BL0512
335125;8338377;BL0512;BL0512
335125;8338378;BL0512;BL0512
335125;8342477;BL0512;BL0512
335125;8356115;BL0512;BL0512
335125;8360564;BL0512;BL0512
4345058;11337750;BL0512;BL0512
335126;11337747;BL0512;BL0512
337084;10556791;BL0514;BL0514
4347395;10551125;BL0514;BL0514
4347395;10551231;BL0514;BL0514
4347395;10551330;BL0514;BL0514
4347395;10551420;BL0514;BL0514
4347395;10554180;BL0514;BL0514
13046;11337560;BL0514;BL0514
13046;11337561;BL0514;BL0514
13046;11337562;BL0514;BL0514
13046;11337563;BL0514;BL0514
13046;11337564;BL0514;BL0514
13046;11337565;BL0514;BL0514
13046;11337566;BL0514;BL0514
337088;8335101;BL0514;BL0514
337088;8347986;BL0514;BL0514
337088;8352213;BL0514;BL0514
337088;8357163;BL0514;BL0514
337088;8357164;BL0514;BL0514
337088;8361635;BL0514;BL0514
337088;8361636;BL0514;BL0514
337088;8361637;BL0514;BL0514
337088;8361638;BL0514;BL0514
337088;8365961;BL0514;BL0514
3939550;8335666;BL0514;BL0514
3939550;8335667;BL0514;BL0514
3939550;8335668;BL0514;BL0514
3939550;8335669;BL0514;BL0514
2759365;8334097;BL0514;BL0514
2759365;8334098;BL0514;BL0514
2759365;8338333;BL0514;BL0514
2759365;8338334;BL0514;BL0514
2759365;8338335;BL0514;BL0514
2759365;8342429;BL0514;BL0514
2759365;8342430;BL0514;BL0514
2759365;8346922;BL0514;BL0514
2759365;8360511;BL0514;BL0514
2759365;8360512;BL0514;BL0514
2759367;11337732;BL0514;BL0514
2759367;11337733;BL0514;BL0514
2759367;11337734;BL0514;BL0514
2759367;11337735;BL0514;BL0514
2759367;11337736;BL0514;BL0514
2759367;11337737;BL0514;BL0514
2759367;11337738;BL0514;BL0514
2759367;11337739;BL0514;BL0514
2759368;11337740;BL0514;BL0514
337091;11337741;BL0514;BL0514
5579346;8333608;BL0514;BL0514
5579346;8333609;BL0514;BL0514
5579346;8337831;BL0514;BL0514
5579346;8341967;BL0514;BL0514
5579346;8346416;BL0514;BL0514
5579346;8355546;BL0514;BL0514
5579346;8364382;BL0514;BL0514
5579346;8364383;BL0514;BL0514
5579346;8364384;BL0514;BL0514
5579346;8364385;BL0514;BL0514
337090;11337743;BL0514;BL0514
5579347;8333610;BL0514;BL0514
5579347;8337832;BL0514;BL0514
5579347;8337833;BL0514;BL0514
5579347;8337834;BL0514;BL0514
5579347;8350741;BL0514;BL0514
5579347;8350742;BL0514;BL0514
5579347;8355547;BL0514;BL0514
5579347;8355548;BL0514;BL0514
5579347;8359999;BL0514;BL0514
5579347;8364386;BL0514;BL0514
2759373;11337744;BL0514;BL0514
2759374;8333617;BL0514;BL0514
2759374;8337841;BL0514;BL0514
2759374;8337842;BL0514;BL0514
2759374;8350752;BL0514;BL0514
2759374;8355557;BL0514;BL0514
2759374;8355558;BL0514;BL0514
2759374;8355559;BL0514;BL0514
2759374;8355560;BL0514;BL0514
2759374;8360008;BL0514;BL0514
2759374;8360009;BL0514;BL0514
2759374;8360010;BL0514;BL0514
2759374;8364397;BL0514;BL0514
2759375;11337746;BL0514;BL0514
337089;8356097;BL0514;BL0514
2759377;10553399;BL0514;BL0514
2759377;10553412;BL0514;BL0514
2759377;10553618;BL0514;BL0514
2759377;10553627;BL0514;BL0514
2759377;10553850;BL0514;BL0514
2759377;10553859;BL0514;BL0514
2759377;10554033;BL0514;BL0514
2759377;10554038;BL0514;BL0514
5579348;10556790;BL0514;BL0514
337085;8338839;BL0514;BL0514
337085;8338840;BL0514;BL0514
337085;8356606;BL0514;BL0514
337085;8356607;BL0514;BL0514
337085;8365461;BL0514;BL0514
2760529;8359993;BL0514;BL0514
2760532;8337276;BL0514;BL0514
2760532;8337277;BL0514;BL0514
2760532;8337278;BL0514;BL0514
2760532;8337279;BL0514;BL0514
2760532;8341412;BL0514;BL0514
2760532;8341413;BL0514;BL0514
2760532;8341414;BL0514;BL0514
2760532;8345863;BL0514;BL0514
2760532;8345864;BL0514;BL0514
2760532;8345865;BL0514;BL0514
2760532;8350247;BL0514;BL0514
2760532;8350248;BL0514;BL0514
2760532;8350249;BL0514;BL0514
2760532;8354938;BL0514;BL0514
2760532;8359481;BL0514;BL0514
2760532;8359482;BL0514;BL0514
2760532;8359483;BL0514;BL0514
2760532;8359484;BL0514;BL0514
2760532;8359485;BL0514;BL0514
2760532;8359486;BL0514;BL0514
2760532;8363814;BL0514;BL0514
2760532;8363815;BL0514;BL0514
2760532;8363816;BL0514;BL0514
2760532;8363817;BL0514;BL0514
2760532;8363818;BL0514;BL0514
2760535;11337752;BL0514;BL0514
2760535;11337753;BL0514;BL0514
2760535;11337754;BL0514;BL0514
2760535;11337755;BL0514;BL0514
2760535;11337756;BL0514;BL0514
2760535;11337757;BL0514;BL0514
2760535;11337758;BL0514;BL0514
2760535;11337759;BL0514;BL0514
2760535;11337760;BL0514;BL0514
2760535;11337761;BL0514;BL0514
2760535;11337762;BL0514;BL0514
2760535;11337763;BL0514;BL0514
2760535;11337764;BL0514;BL0514
2760535;11337765;BL0514;BL0514
4347388;11337766;BL0514;BL0514
2760538;8333606;BL0514;BL0514
2760538;8341965;BL0514;BL0514
2760538;8346410;BL0514;BL0514
2760538;8346411;BL0514;BL0514
2760538;8346412;BL0514;BL0514
2760538;8359996;BL0514;BL0514
2760539;8347473;BL0514;BL0514
2760539;8351752;BL0514;BL0514
2760539;8356619;BL0514;BL0514
2760539;8361091;BL0514;BL0514
2760539;8365474;BL0514;BL0514
2760539;8365475;BL0514;BL0514
2760541;8338331;BL0514;BL0514
2760541;8338332;BL0514;BL0514
2760541;8342428;BL0514;BL0514
2760541;8351239;BL0514;BL0514
2760541;8364947;BL0514;BL0514
337092;11337772;BL0514;BL0514
337104;8347469;BL0514;BL0514
337104;8347470;BL0514;BL0514
337104;8347471;BL0514;BL0514
337105;8336775;BL0514;BL0514
337105;8336776;BL0514;BL0514
337105;8336777;BL0514;BL0514
337106;8334603;BL0514;BL0514
337106;8338853;BL0514;BL0514
337106;8342957;BL0514;BL0514
337106;8342958;BL0514;BL0514
337106;8365472;BL0514;BL0514
337106;8365473;BL0514;BL0514
2762315;8334096;BL0514;BL0514
2762315;8346919;BL0514;BL0514
2762315;8346920;BL0514;BL0514
2762315;8346921;BL0514;BL0514
2762315;8356082;BL0514;BL0514
2762315;8360510;BL0514;BL0514
2762317;8331383;BL0514;BL0514
2762317;8335675;BL0514;BL0514
2762317;8335676;BL0514;BL0514
2762317;8339810;BL0514;BL0514
2762317;8357827;BL0514;BL0514
2762317;8362135;BL0514;BL0514
6433115;11337770;BL0514;BL0514
2762320;8332011;BL0514;BL0514
2762320;8340424;BL0514;BL0514
2762320;8344885;BL0514;BL0514
2762320;8358476;BL0514;BL0514
2762320;8358477;BL0514;BL0514
2762320;8362802;BL0514;BL0514
2762321;8336782;BL0514;BL0514
2762323;8334609;BL0514;BL0514
2762323;8338858;BL0514;BL0514
2762323;8338859;BL0514;BL0514
2762323;8347479;BL0514;BL0514
2762323;8347480;BL0514;BL0514
2762323;8351756;BL0514;BL0514
337093;8345880;BL0514;BL0514
337093;8345881;BL0514;BL0514
337093;8345882;BL0514;BL0514
337093;8345883;BL0514;BL0514
337093;8350262;BL0514;BL0514
337093;8354954;BL0514;BL0514
337093;8354955;BL0514;BL0514
337093;8359498;BL0514;BL0514
337093;8359499;BL0514;BL0514
337093;8363837;BL0514;BL0514
5579423;10557850;BL0514;BL0514
335720;8331982;BL0515;BL0515
335720;8344858;BL0515;BL0515
335720;8344859;BL0515;BL0515
335720;8344860;BL0515;BL0515
335720;8349207;BL0515;BL0515
335720;8349208;BL0515;BL0515
335720;8353397;BL0515;BL0515
335720;8353398;BL0515;BL0515
335720;8353399;BL0515;BL0515
335720;8358445;BL0515;BL0515
4197377;8336252;BL0515;BL0515
4197377;8336253;BL0515;BL0515
4197377;8336254;BL0515;BL0515
4197377;8336255;BL0515;BL0515
4197377;8336256;BL0515;BL0515
4197377;8336257;BL0515;BL0515
2758808;8333011;BL0515;BL0515
2758808;8333012;BL0515;BL0515
2758808;8333013;BL0515;BL0515
2758808;8337249;BL0515;BL0515
2758808;8345821;BL0515;BL0515
2758808;8345822;BL0515;BL0515
2758808;8345823;BL0515;BL0515
2758808;8345824;BL0515;BL0515
2758808;8354905;BL0515;BL0515
2758808;8354906;BL0515;BL0515
2758808;8354907;BL0515;BL0515
2758808;8354908;BL0515;BL0515
2758808;8354909;BL0515;BL0515
2758808;8359440;BL0515;BL0515
2758808;8359441;BL0515;BL0515
2758808;8359442;BL0515;BL0515
2758808;8359443;BL0515;BL0515
2758808;8359444;BL0515;BL0515
2758808;8363773;BL0515;BL0515
2758808;8363774;BL0515;BL0515
5579324;10551219;BL0515;BL0515
5579324;10551221;BL0515;BL0515
5579324;10551222;BL0515;BL0515
5579324;10551228;BL0515;BL0515
5579324;10551322;BL0515;BL0515
5579324;10551404;BL0515;BL0515
5579324;10551408;BL0515;BL0515
5579324;10551411;BL0515;BL0515
5579324;10551412;BL0515;BL0515
5579324;10551413;BL0515;BL0515
5579324;10551487;BL0515;BL0515
5579324;10551491;BL0515;BL0515
5579324;10551545;BL0515;BL0515
5579324;10554841;BL0515;BL0515
5579324;10556645;BL0515;BL0515
5579324;10556951;BL0515;BL0515
5579324;10557750;BL0515;BL0515
335716;10551212;BL0515;BL0515
335716;10551214;BL0515;BL0515
335716;10551400;BL0515;BL0515
335716;10551485;BL0515;BL0515
335716;10553147;BL0515;BL0515
335716;10554911;BL0515;BL0515
335716;10555528;BL0515;BL0515
335716;10556059;BL0515;BL0515
335716;10556389;BL0515;BL0515
335716;10556710;BL0515;BL0515
335716;10556743;BL0515;BL0515
335716;10557445;BL0515;BL0515
335716;10557469;BL0515;BL0515
335716;10557470;BL0515;BL0515
335716;10557485;BL0515;BL0515
335716;10557490;BL0515;BL0515
335725;10556595;BL0515;BL0515
2759352;8336258;BL0515;BL0515
2759352;8340400;BL0515;BL0515
2759352;8349209;BL0515;BL0515
2759352;8358446;BL0515;BL0515
2759352;8358447;BL0515;BL0515
2759352;8362781;BL0515;BL0515
2759353;10551523;BL0515;BL0515
2759353;10553701;BL0515;BL0515
2759353;10553716;BL0515;BL0515
2759353;10553808;BL0515;BL0515
2759353;10554094;BL0515;BL0515
2759353;10554244;BL0515;BL0515
2759353;10556296;BL0515;BL0515
2759353;10556299;BL0515;BL0515
2759353;10556418;BL0515;BL0515
2759353;10557368;BL0515;BL0515
2759353;10557523;BL0515;BL0515
2759353;10557631;BL0515;BL0515
2759355;11337718;BL0515;BL0515
2759355;11337719;BL0515;BL0515
2759355;11337720;BL0515;BL0515
2759355;11337721;BL0515;BL0515
2759355;11337722;BL0515;BL0515
2759355;11337723;BL0515;BL0515
2759355;11337724;BL0515;BL0515
2759355;11337725;BL0515;BL0515
2759355;11337726;BL0515;BL0515
2759355;11337727;BL0515;BL0515
2759355;11337728;BL0515;BL0515
2759355;11337729;BL0515;BL0515
2759357;11337731;BL0515;BL0515
2759358;8337250;BL0515;BL0515
2759358;8341376;BL0515;BL0515
2759358;8341377;BL0515;BL0515
2759358;8345825;BL0515;BL0515
2759358;8354910;BL0515;BL0515
2759358;8354911;BL0515;BL0515
2759360;8332467;BL0515;BL0515
2759360;8336747;BL0515;BL0515
2759360;8336748;BL0515;BL0515
2759360;8354359;BL0515;BL0515
2759360;8358954;BL0515;BL0515
2759360;8363246;BL0515;BL0515
2759362;8361076;BL0515;BL0515
2759362;8361077;BL0515;BL0515
335715;10551761;BL0515;BL0515
335715;10552346;BL0515;BL0515
335715;10552677;BL0515;BL0515
335715;10552678;BL0515;BL0515
335715;10552987;BL0515;BL0515
335715;10553617;BL0515;BL0515
335715;10553628;BL0515;BL0515
335715;10553642;BL0515;BL0515
335715;10553876;BL0515;BL0515
335715;10554055;BL0515;BL0515
335715;10554056;BL0515;BL0515
335715;10554057;BL0515;BL0515
335715;10554058;BL0515;BL0515
335715;10554059;BL0515;BL0515
335715;10554061;BL0515;BL0515
335715;10554217;BL0515;BL0515
335715;10554945;BL0515;BL0515
335715;10555363;BL0515;BL0515
335715;10555740;BL0515;BL0515
335715;10555837;BL0515;BL0515
335715;10556334;BL0515;BL0515
2760531;8337817;BL0515;BL0515
2760531;8341959;BL0515;BL0515
2760531;8346394;BL0515;BL0515
2760531;8346395;BL0515;BL0515
2760531;8350732;BL0515;BL0515
2760531;8350733;BL0515;BL0515
2760531;8355532;BL0515;BL0515
2760531;8359980;BL0515;BL0515
2760531;8364372;BL0515;BL0515
2760534;8336751;BL0515;BL0515
2760534;8336752;BL0515;BL0515
2760534;8336753;BL0515;BL0515
2760534;8340874;BL0515;BL0515
2760534;8345313;BL0515;BL0515
2760534;8349699;BL0515;BL0515
2760534;8354366;BL0515;BL0515
2760534;8363251;BL0515;BL0515
2760534;8363252;BL0515;BL0515
337086;8333585;BL0515;BL0515
337086;8333586;BL0515;BL0515
337086;8333587;BL0515;BL0515
337086;8337818;BL0515;BL0515
337086;8346396;BL0515;BL0515
337086;8350734;BL0515;BL0515
337086;8355533;BL0515;BL0515
337086;8359981;BL0515;BL0515
337086;8359982;BL0515;BL0515
13066;8336265;BL0515;BL0515
13066;8336266;BL0515;BL0515
13066;8336267;BL0515;BL0515
13066;8340403;BL0515;BL0515
13066;8344865;BL0515;BL0515
13066;8353403;BL0515;BL0515
13066;8353404;BL0515;BL0515
13066;8353405;BL0515;BL0515
13066;8362785;BL0515;BL0515
13066;8362786;BL0515;BL0515
13048;8335949;BL0515;BL0515
13048;8335950;BL0515;BL0515
13048;8335951;BL0515;BL0515
13048;8335952;BL0515;BL0515
13048;8335953;BL0515;BL0515
13048;8335954;BL0515;BL0515
13048;8340056;BL0515;BL0515
13048;8340057;BL0515;BL0515
13048;8340058;BL0515;BL0515
13048;8340059;BL0515;BL0515
13048;8344466;BL0515;BL0515
13048;8344467;BL0515;BL0515
13048;8348845;BL0515;BL0515
13048;8348846;BL0515;BL0515
13048;8348847;BL0515;BL0515
13048;8353016;BL0515;BL0515
13048;8353017;BL0515;BL0515
13048;8353018;BL0515;BL0515
13048;8353019;BL0515;BL0515
13048;8358080;BL0515;BL0515
13048;8358081;BL0515;BL0515
13048;8358082;BL0515;BL0515
13048;8358083;BL0515;BL0515
13048;8358084;BL0515;BL0515
13048;8358085;BL0515;BL0515
13048;8362389;BL0515;BL0515
13048;8362390;BL0515;BL0515
13048;8362391;BL0515;BL0515
2762295;10551194;BL0515;BL0515
2762295;10551289;BL0515;BL0515
2762295;10551296;BL0515;BL0515
2762295;10551304;BL0515;BL0515
2762295;10551390;BL0515;BL0515
2762295;10551473;BL0515;BL0515
2762295;10552113;BL0515;BL0515
2762295;10552117;BL0515;BL0515
2762295;10554142;BL0515;BL0515
2762295;10554630;BL0515;BL0515
2762295;10556304;BL0515;BL0515
2762295;10556643;BL0515;BL0515
2762295;10556687;BL0515;BL0515
2762295;10556966;BL0515;BL0515
2762295;10557366;BL0515;BL0515
2762295;10557482;BL0515;BL0515
2762297;10557291;BL0515;BL0515
335712;10551177;BL0515;BL0515
335712;10551270;BL0515;BL0515
335712;10552110;BL0515;BL0515
335712;10555505;BL0515;BL0515
335712;10555563;BL0515;BL0515
335712;10556900;BL0515;BL0515
335712;10556923;BL0515;BL0515
335712;10556944;BL0515;BL0515
335712;10557610;BL0515;BL0515
335713;8333009;BL0515;BL0515
335713;8333010;BL0515;BL0515
335713;8337248;BL0515;BL0515
335713;8350220;BL0515;BL0515
335713;8350221;BL0515;BL0515
335713;8354903;BL0515;BL0515
335713;8363771;BL0515;BL0515
335713;8363772;BL0515;BL0515
2762302;10553300;BL0515;BL0515
2762304;10550722;BL0515;BL0515
2762304;10550941;BL0515;BL0515
2762304;10551768;BL0515;BL0515
2762304;10551805;BL0515;BL0515
2762304;10552348;BL0515;BL0515
2762304;10553396;BL0515;BL0515
2762304;10553646;BL0515;BL0515
2762304;10553647;BL0515;BL0515
2762304;10553649;BL0515;BL0515
2762304;10553654;BL0515;BL0515
2762304;10553664;BL0515;BL0515
2762304;10553667;BL0515;BL0515
2762304;10553877;BL0515;BL0515
2762304;10553878;BL0515;BL0515
2762304;10553879;BL0515;BL0515
2762304;10553880;BL0515;BL0515
2762304;10554060;BL0515;BL0515
2762304;10554062;BL0515;BL0515
2762304;10554066;BL0515;BL0515
2762304;10554067;BL0515;BL0515
2762304;10554218;BL0515;BL0515
2762304;10554801;BL0515;BL0515
2762304;10556025;BL0515;BL0515
2762306;10556795;BL0515;BL0515
335714;11337803;BL0515;BL0515
6419836;11337793;BL0515;BL0515
335722;8332818;BL0516;BL0516
335722;8337068;BL0516;BL0516
335722;8337069;BL0516;BL0516
335722;8345626;BL0516;BL0516
335722;8350029;BL0516;BL0516
335722;8350030;BL0516;BL0516
335722;8354698;BL0516;BL0516
335722;8354699;BL0516;BL0516
335722;8354700;BL0516;BL0516
335722;8359245;BL0516;BL0516
335722;8359246;BL0516;BL0516
335722;8359247;BL0516;BL0516
335722;8363585;BL0516;BL0516
335722;8363586;BL0516;BL0516
335722;8363587;BL0516;BL0516
335721;8335946;BL0516;BL0516
335721;8335947;BL0516;BL0516
335721;8335948;BL0516;BL0516
335721;8358079;BL0516;BL0516
335721;8362387;BL0516;BL0516
335721;8362388;BL0516;BL0516
1488876;8335426;BL0516;BL0516
1488876;8339583;BL0516;BL0516
1488876;8343808;BL0516;BL0516
1488876;8352489;BL0516;BL0516
335719;8334838;BL0516;BL0516
335719;8334839;BL0516;BL0516
335719;8334840;BL0516;BL0516
335719;8334841;BL0516;BL0516
335719;8334842;BL0516;BL0516
335719;8339092;BL0516;BL0516
335719;8339093;BL0516;BL0516
335719;8339094;BL0516;BL0516
335719;8343213;BL0516;BL0516
335719;8343214;BL0516;BL0516
335719;8343215;BL0516;BL0516
335719;8347730;BL0516;BL0516
335719;8347731;BL0516;BL0516
335719;8347732;BL0516;BL0516
335719;8347733;BL0516;BL0516
335719;8351967;BL0516;BL0516
335719;8351968;BL0516;BL0516
335719;8351969;BL0516;BL0516
335719;8356865;BL0516;BL0516
335719;8356866;BL0516;BL0516
335719;8356867;BL0516;BL0516
335719;8356868;BL0516;BL0516
335719;8365688;BL0516;BL0516
335719;8365689;BL0516;BL0516
335719;8365690;BL0516;BL0516
335718;8333838;BL0516;BL0516
335718;8333839;BL0516;BL0516
335718;8333840;BL0516;BL0516
335718;8338058;BL0516;BL0516
335718;8338059;BL0516;BL0516
335718;8342187;BL0516;BL0516
335718;8342188;BL0516;BL0516
335718;8346637;BL0516;BL0516
335718;8346638;BL0516;BL0516
335718;8346639;BL0516;BL0516
335718;8351007;BL0516;BL0516
335718;8355805;BL0516;BL0516
335718;8364663;BL0516;BL0516
335718;8364664;BL0516;BL0516
335718;8364665;BL0516;BL0516
2758799;8339084;BL0516;BL0516
2758799;8343193;BL0516;BL0516
2758799;8347719;BL0516;BL0516
2758799;8347720;BL0516;BL0516
2758799;8365679;BL0516;BL0516
1327495;8341734;BL0516;BL0516
1327495;8346154;BL0516;BL0516
1327495;8346155;BL0516;BL0516
1327495;8359755;BL0516;BL0516
1327495;8364112;BL0516;BL0516
2758802;8334827;BL0516;BL0516
2758802;8334828;BL0516;BL0516
2758802;8339083;BL0516;BL0516
2758802;8356858;BL0516;BL0516
2758802;8361359;BL0516;BL0516
2758802;8361360;BL0516;BL0516
2758804;11337519;BL0516;BL0516
337041;8333355;BL0516;BL0516
337041;8341731;BL0516;BL0516
337041;8341732;BL0516;BL0516
337041;8346147;BL0516;BL0516
337041;8346148;BL0516;BL0516
337041;8355254;BL0516;BL0516
6524258;11337520;BL0516;BL0516
6524258;11337521;BL0516;BL0516
6524258;11337522;BL0516;BL0516
6524258;11337523;BL0516;BL0516
6524258;11337524;BL0516;BL0516
6524258;11337525;BL0516;BL0516
6524258;11337526;BL0516;BL0516
337048;8332268;BL0516;BL0516
337048;8336538;BL0516;BL0516
337048;8345105;BL0516;BL0516
337048;8349471;BL0516;BL0516
337048;8358698;BL0516;BL0516
5579344;11337681;BL0516;BL0516
5579344;11337682;BL0516;BL0516
5579344;11337683;BL0516;BL0516
5579344;11337684;BL0516;BL0516
2759329;8333842;BL0516;BL0516
2759329;8338062;BL0516;BL0516
2759329;8342189;BL0516;BL0516
2759329;8342190;BL0516;BL0516
2759329;8355808;BL0516;BL0516
2759329;8364668;BL0516;BL0516
2759333;8333866;BL0516;BL0516
2759333;8342214;BL0516;BL0516
2759333;8351023;BL0516;BL0516
2759333;8355833;BL0516;BL0516
2759333;8364702;BL0516;BL0516
2759333;8364703;BL0516;BL0516
2759336;8338091;BL0516;BL0516
2759336;8342215;BL0516;BL0516
2759336;8355834;BL0516;BL0516
2759336;8360258;BL0516;BL0516
2759336;8364704;BL0516;BL0516
2759336;8364705;BL0516;BL0516
2759340;8339095;BL0516;BL0516
2759340;8351970;BL0516;BL0516
2759340;8356869;BL0516;BL0516
2759340;8356870;BL0516;BL0516
2759340;8365691;BL0516;BL0516
2759340;10552565;BL0516;BL0516
2759341;8334357;BL0516;BL0516
2759341;8338608;BL0516;BL0516
2759341;8338609;BL0516;BL0516
2759341;8342729;BL0516;BL0516
2759341;8347206;BL0516;BL0516
2759341;8356362;BL0516;BL0516
2759341;8356363;BL0516;BL0516
2759341;8360816;BL0516;BL0516
2759341;8360817;BL0516;BL0516
2759341;8365238;BL0516;BL0516
2759341;8365239;BL0516;BL0516
4030850;11337701;BL0516;BL0516
4030850;11337702;BL0516;BL0516
4030850;11337703;BL0516;BL0516
4030850;11337704;BL0516;BL0516
4030850;11337705;BL0516;BL0516
4030850;11337706;BL0516;BL0516
4030850;11337707;BL0516;BL0516
4030850;11337708;BL0516;BL0516
4030850;11337709;BL0516;BL0516
4030850;11337710;BL0516;BL0516
2759343;11337712;BL0516;BL0516
2759346;8339589;BL0516;BL0516
2759346;8343813;BL0516;BL0516
2759346;8348375;BL0516;BL0516
2759346;8352495;BL0516;BL0516
2759346;8357455;BL0516;BL0516
2759346;8361931;BL0516;BL0516
335723;11337717;BL0516;BL0516
335710;11337808;BL0516;BL0516
2762272;11337807;BL0516;BL0516
6089749;11337806;BL0516;BL0516
335711;8333835;BL0516;BL0516
335711;8333836;BL0516;BL0516
335711;8338050;BL0516;BL0516
335711;8338051;BL0516;BL0516
335711;8338052;BL0516;BL0516
335711;8346636;BL0516;BL0516
335711;8351004;BL0516;BL0516
335711;8351005;BL0516;BL0516
335711;8355804;BL0516;BL0516
335711;8360237;BL0516;BL0516
335711;8360238;BL0516;BL0516
335711;8360239;BL0516;BL0516
335711;8360240;BL0516;BL0516
335711;8360241;BL0516;BL0516
335711;8364659;BL0516;BL0516
335711;8364660;BL0516;BL0516
2762276;10551312;BL0516;BL0516
2762276;10551315;BL0516;BL0516
2762276;10551395;BL0516;BL0516
2762276;10551398;BL0516;BL0516
2762276;10552115;BL0516;BL0516
2762276;10552449;BL0516;BL0516
2762276;10552619;BL0516;BL0516
2762276;10552782;BL0516;BL0516
2762276;10553571;BL0516;BL0516
2762276;10555610;BL0516;BL0516
2762276;10555617;BL0516;BL0516
2762276;10555618;BL0516;BL0516
2762276;10555619;BL0516;BL0516
2762276;10555864;BL0516;BL0516
2762276;10556475;BL0516;BL0516
2762276;10556727;BL0516;BL0516
2762278;11337805;BL0516;BL0516
4346088;10554703;BL0516;BL0516
2762282;10551325;BL0516;BL0516
2762285;10554700;BL0516;BL0516
1148172;10554695;BL0516;BL0516
2762288;10551178;BL0516;BL0516
2762288;10551290;BL0516;BL0516
2762288;10551378;BL0516;BL0516
2762288;10551467;BL0516;BL0516
2762288;10552392;BL0516;BL0516
2762288;10553525;BL0516;BL0516
2762288;10553919;BL0516;BL0516
2762288;10554071;BL0516;BL0516
2762288;10554158;BL0516;BL0516
2762288;10554975;BL0516;BL0516
2762288;10555859;BL0516;BL0516
2762288;10555914;BL0516;BL0516
2762288;10556368;BL0516;BL0516
2762288;10556462;BL0516;BL0516
2762288;10557345;BL0516;BL0516
2762290;10557766;BL0516;BL0516
337043;8334804;BL0516;BL0516
337043;8334805;BL0516;BL0516
337043;8334806;BL0516;BL0516
337043;8334807;BL0516;BL0516
337043;8339058;BL0516;BL0516
337043;8339059;BL0516;BL0516
337043;8339060;BL0516;BL0516
337043;8339061;BL0516;BL0516
337043;8343175;BL0516;BL0516
337043;8343176;BL0516;BL0516
337043;8343177;BL0516;BL0516
337043;8343178;BL0516;BL0516
337043;8347681;BL0516;BL0516
337043;8347682;BL0516;BL0516
337043;8347683;BL0516;BL0516
337043;8347684;BL0516;BL0516
337043;8351936;BL0516;BL0516
337043;8351937;BL0516;BL0516
337043;8351938;BL0516;BL0516
337043;8351939;BL0516;BL0516
337043;8356830;BL0516;BL0516
337043;8356831;BL0516;BL0516
337043;8356832;BL0516;BL0516
337043;8356833;BL0516;BL0516
337043;8361328;BL0516;BL0516
337043;8361329;BL0516;BL0516
337043;8361330;BL0516;BL0516
337043;8361331;BL0516;BL0516
337043;8365655;BL0516;BL0516
337043;8365656;BL0516;BL0516
337043;8365657;BL0516;BL0516
2758482;8335388;BL0516;BL0516
2758482;8335389;BL0516;BL0516
2758482;8343778;BL0516;BL0516
2758482;8357419;BL0516;BL0516
2758482;8357420;BL0516;BL0516
2758482;8366176;BL0516;BL0516
1360225;8334318;BL0516;BL0516
1360225;8338550;BL0516;BL0516
1360225;8342678;BL0516;BL0516
1360225;8347156;BL0516;BL0516
1360225;8356299;BL0516;BL0516
1360225;8356300;BL0516;BL0516
1360225;8360757;BL0516;BL0516
1360225;8360758;BL0516;BL0516
1360225;8365166;BL0516;BL0516
1360225;8365167;BL0516;BL0516
1360225;10554747;BL0516;BL0516
2758488;11337742;BL0516;BL0516
2758491;8333830;BL0516;BL0516
2758491;8338049;BL0516;BL0516
2758491;8342183;BL0516;BL0516
2758491;8364655;BL0516;BL0516
2758491;8364656;BL0516;BL0516
2758491;8364657;BL0516;BL0516
2758494;8333829;BL0516;BL0516
2758494;8338047;BL0516;BL0516
2758494;8338048;BL0516;BL0516
2758494;8342182;BL0516;BL0516
2758494;8346634;BL0516;BL0516
2758494;8355803;BL0516;BL0516
2758494;8360235;BL0516;BL0516
2758494;8364652;BL0516;BL0516
2758494;8364653;BL0516;BL0516
2758494;8364654;BL0516;BL0516
2758499;8331662;BL0516;BL0516
2758499;8331663;BL0516;BL0516
2758499;8340035;BL0516;BL0516
2758499;8344447;BL0516;BL0516
2758499;8358062;BL0516;BL0516
2758503;8332266;BL0516;BL0516
2758503;8332267;BL0516;BL0516
2758503;8340651;BL0516;BL0516
2758503;8340652;BL0516;BL0516
2758503;8345103;BL0516;BL0516
2758503;8345104;BL0516;BL0516
2758503;8349470;BL0516;BL0516
2758503;8353677;BL0516;BL0516
2758503;8353678;BL0516;BL0516
2758503;8358694;BL0516;BL0516
2758503;8358695;BL0516;BL0516
2758503;8358696;BL0516;BL0516
2758503;8358697;BL0516;BL0516
2758503;8363038;BL0516;BL0516
2758506;8333353;BL0516;BL0516
2758506;8333354;BL0516;BL0516
2758506;8337553;BL0516;BL0516
2758506;8341727;BL0516;BL0516
2758506;8341728;BL0516;BL0516
2758506;8341729;BL0516;BL0516
2758506;8346143;BL0516;BL0516
2758506;8346144;BL0516;BL0516
2758506;8346145;BL0516;BL0516
2758506;8350526;BL0516;BL0516
2758506;8359746;BL0516;BL0516
2758506;8359747;BL0516;BL0516
2758508;11337730;BL0516;BL0516
2758510;8333352;BL0516;BL0516
2758510;8350525;BL0516;BL0516
2758510;8355250;BL0516;BL0516
1453096;8355255;BL0516;BL0516
1453096;8355256;BL0516;BL0516
1453096;8355257;BL0516;BL0516
1453096;8355258;BL0516;BL0516
1453096;8355259;BL0516;BL0516
1453096;8355260;BL0516;BL0516
1453096;8355261;BL0516;BL0516
1453096;8355262;BL0516;BL0516
1453096;8355263;BL0516;BL0516
1453096;8355264;BL0516;BL0516
1453096;8355265;BL0516;BL0516
1453096;8355266;BL0516;BL0516
1453096;8355267;BL0516;BL0516
1453096;8355268;BL0516;BL0516
1453096;8355269;BL0516;BL0516
1453096;8355270;BL0516;BL0516
4346075;8346151;BL0516;BL0516
4346075;8346152;BL0516;BL0516
4346075;8346153;BL0516;BL0516
4346075;8350530;BL0516;BL0516
337045;8337055;BL0516;BL0516
337045;8341162;BL0516;BL0516
337045;8341163;BL0516;BL0516
337045;8345609;BL0516;BL0516
337045;8345610;BL0516;BL0516
337045;8354677;BL0516;BL0516
337045;8354678;BL0516;BL0516
337045;8354679;BL0516;BL0516
337045;8363561;BL0516;BL0516
337045;8363562;BL0516;BL0516
